name,PLD,desity(g/cm^3),VSA(m^2/cm^3),GSA(m^2/g),Vp(cm^3/g),void_fraction,C/wt%,H/wt%,N/wt%,F/wt%,total degree of unsaturation,metalic percentage,electronegtive-to-total ratio,weighted electronegativity per atom,target
ALFFIVE_1_Cd,8.08777,0.808037,1655.32,2048.57,0.762762,0.61634,43.93534251,2.949751078,10.24731234,17.3733169,9.5,10,0.191489362,2.516170213,65.64156007
ALFFIVE_1_Co,7.05816,0.842694,1625.35,1928.76,0.687426,0.57929,48.69840922,3.269536025,11.35823192,19.25677251,9.5,10,0.191489362,2.516170213,57.43292072
ALFFIVE_1_Cu,7.23341,0.833833,1613.86,1935.47,0.69803,0.58204,48.24721728,3.239243694,11.25299763,19.07835804,9.5,10,0.191489362,2.556595745,57.61751963
ALFFIVE_1_Fe,7.1592,0.822374,1624.37,1975.22,0.704728,0.57955,49.00518775,3.290132662,11.42978378,19.37808169,9.5,10,0.191489362,2.516170213,58.7273323
ALFFIVE_1_Ni,7.30055,0.834918,1593.76,1908.88,0.680953,0.56854,48.72211439,3.271127553,11.36376082,19.26614622,9.5,10,0.191489362,2.516170213,57.00004484
ALFFIVE_1_Zn,7.41687,0.82243,1631.22,1983.41,0.702443,0.57771,48.07015016,3.227355681,11.21169916,19.00834054,9.5,10,0.191489362,2.551276596,58.83230013
ALFFIVE_13_Cd_i,4.42745,1.18263,800.396,676.795,0.346906,0.41026,40.78103381,2.281646384,23.77903341,13.43834264,22,8.333333333,0.288135593,2.589491525,32.5062809
ALFFIVE_13_Co_i,3.91784,1.21771,135.685,111.426,0.299521,0.36473,44.11882194,2.468391337,25.72526596,14.53822502,22,8.333333333,0.288135593,2.589491525,26.32664748
ALFFIVE_13_Cu_i,3.99975,1.1951,153.156,128.154,0.314652,0.37604,43.80951802,2.45108618,25.54491378,14.43630185,22,8.333333333,0.288135593,2.621694915,29.73461347
ALFFIVE_13_Fe_i,4.09803,1.18212,166.293,140.673,0.314663,0.37197,44.32832585,2.480112811,25.8474257,14.60726165,22,8.333333333,0.288135593,2.589491525,32.07426776
ALFFIVE_13_Ni_i,3.9657,1.20689,142.507,118.077,0.305412,0.3686,44.13503363,2.46929836,25.73471884,14.54356716,22,8.333333333,0.288135593,2.589491525,26.78250947
ALFFIVE_13_Zn_i,4.13203,1.19343,171.974,144.101,0.312227,0.37262,43.68774893,2.444273356,25.47391138,14.39617597,22,8.333333333,0.288135593,2.617457627,30.87062687
ALFFIVE_15_Cd_i,11.13572,0.718134,1714.2,2387.02,0.841514,0.60432,60.4295119,3.042858113,7.047174866,11.94779647,99,5,0.12,2.491466667,67.14401684
ALFFIVE_15_Co_i,10.66941,0.714645,1664.16,2328.66,0.825529,0.58996,64.78730792,3.262289887,7.555372759,12.80939634,99,5,0.12,2.491466667,66.46212228
ALFFIVE_15_Cu_i,10.74755,0.710077,1689.5,2379.32,0.834219,0.59236,64.38678171,3.242121853,7.508664153,12.73020647,99,5,0.12,2.5168,67.06128647
ALFFIVE_15_Fe_i,10.94132,0.708891,1655.81,2335.77,0.826022,0.58556,65.05822118,3.27593141,7.586966148,12.86295985,99,5,0.12,2.491466667,66.19222342
ALFFIVE_15_Ni_i,10.80192,0.722682,1654.03,2288.74,0.806703,0.58299,64.80828247,3.263346036,7.55781877,12.81354332,99,5,0.12,2.491466667,65.29820791
ALFFIVE_15_Zn_i,10.882,0.718934,1660.29,2309.37,0.815067,0.58598,64.22891611,3.234172714,7.490254167,12.69899413,99,5,0.12,2.513466667,65.47082066
ALFFIVE_16_Ni_i,8.32395,0.623584,1962.4,3146.97,1.01731,0.63438,69.90009188,3.609987902,6.270473777,10.63097566,66,3.846153846,0.094736842,2.474315789,84.24962925
ALFFIVE_16_Zn_i,8.41211,0.617066,1970.52,3193.37,1.03504,0.63869,69.3808542,3.583171889,6.223894922,10.55200576,66,3.846153846,0.094736842,2.491684211,85.38499878
ALFFIVE_18_Cd,3.74915,1.23635,457.896,370.361,0.246209,0.3044,39.06765851,4.590149004,18.22398444,15.44849256,4,10,0.206349206,2.489206349,20.49693829
ALFFIVE_2_Cd,10.99763,0.589861,1799.85,3051.31,1.21525,0.71683,48.46385856,2.711490546,9.41960518,15.97002028,13.5,8.333333333,0.176470588,2.518823529,96.64572484
ALFFIVE_2_Cd_i,4.07171,1.17841,524.659,445.225,0.325786,0.38391,48.46385856,2.711490546,9.41960518,15.97002028,26,8.333333333,0.176470588,2.518823529,25.51325019
ALFFIVE_2_Co,10.23877,0.610852,1935.45,3168.45,1.13794,0.69511,53.25155868,2.979356209,10.35015933,17.54768392,13.5,8.333333333,0.176470588,2.518823529,94.92541912
ALFFIVE_2_Co_i,3.72363,1.19539,75.6672,63.2991,0.283238,0.33858,53.25155868,2.979356209,10.35015933,17.54768392,26,8.333333333,0.176470588,2.518823529,21.11215556
ALFFIVE_2_Cu,10.39371,0.600845,1930.87,3213.59,1.1634,0.69902,52.80160018,2.95418161,10.26270382,17.39941165,13.5,8.333333333,0.176470588,2.556078431,96.29807639
ALFFIVE_2_Cu_i,3.80896,1.17859,121.777,103.324,0.296888,0.34991,52.80160018,2.95418161,10.26270382,17.39941165,26,8.333333333,0.176470588,2.556078431,21.7503536
ALFFIVE_2_Fe,10.73395,0.586332,1878.23,3203.36,1.17938,0.69151,53.55707616,2.996449519,10.40954078,17.64835937,13.5,8.333333333,0.176470588,2.518823529,97.50940828
ALFFIVE_2_Fe_i,3.93917,1.14531,399.748,349.03,0.309427,0.35439,53.55707616,2.996449519,10.40954078,17.64835937,26,8.333333333,0.176470588,2.518823529,21.21088849
ALFFIVE_2_Ni,10.52558,0.609566,1867,3062.83,1.12524,0.68591,53.27517858,2.980677712,10.35475018,17.55546726,13.5,8.333333333,0.176470588,2.518823529,93.72843172
ALFFIVE_2_Ni_i,3.85187,1.17821,307.608,261.08,0.292579,0.34472,53.27517858,2.980677712,10.35475018,17.55546726,26,8.333333333,0.176470588,2.518823529,21.04614477
ALFFIVE_2_Zn,10.63665,0.595047,1882,3162.78,1.17224,0.69754,52.6248147,2.94429069,10.22834318,17.34115654,13.5,8.333333333,0.176470588,2.551176471,96.86090161
ALFFIVE_2_Zn_i,3.90564,1.1676,365.113,312.705,0.303196,0.35401,52.6248147,2.94429069,10.22834318,17.34115654,26,8.333333333,0.176470588,2.551176471,21.08895797
ALFFIVE_3_Cd,3.9218,1.44114,722.703,501.482,0.266783,0.38447,24.35308012,2.043785261,14.20004968,24.07479686,3,25,0.333333333,2.594814815,24.2944518
ALFFIVE_4_Cd_i,6.82391,0.967929,715.629,739.34,0.463681,0.44881,54.98959874,3.46117198,8.015978162,13.5903078,67,6.25,0.134328358,2.484477612,47.71549086
ALFFIVE_4_Co_i,6.30475,0.955606,726.844,760.61,0.454832,0.43464,59.54542145,3.747925952,8.680092397,14.7162486,67,6.25,0.134328358,2.484477612,47.72568822
ALFFIVE_4_Cu_i,6.42999,0.948807,730.304,769.707,0.46295,0.43925,59.12289068,3.721330893,8.618498977,14.61182298,67,6.25,0.134328358,2.512835821,47.64611559
ALFFIVE_4_Fe_i,6.7852,0.871041,1108.79,1272.95,0.528609,0.46044,59.83165963,3.765942443,8.721818088,14.78699044,67,6.25,0.134328358,2.484477612,55.18323594
ALFFIVE_4_Ni_i,6.54142,0.94668,709.97,749.957,0.460567,0.43601,59.56756975,3.749320017,8.683321012,14.72172241,67,6.25,0.134328358,2.484477612,46.9456311
ALFFIVE_4_Zn_i,6.59935,0.94296,712.654,755.763,0.46668,0.44006,58.95656549,3.710862002,8.594253318,14.57071683,67,6.25,0.134328358,2.509104478,48.32902623
ALFFIVE_5_Cd_i,5.26467,0.853182,1421.85,1666.52,0.586112,0.50006,62.09058333,3.789696293,6.582623509,11.16019503,99,4.545454545,0.103448276,2.467356322,46.94535911
ALFFIVE_5_Co_i,4.81235,0.873957,1317.41,1507.41,0.535896,0.46835,66.25321404,4.043762294,7.023930859,11.90838853,99,4.545454545,0.103448276,2.467356322,46.62761305
ALFFIVE_5_Cu_i,4.89479,0.86965,1328.95,1528.14,0.542437,0.47173,65.87226999,4.020511389,6.983544522,11.83991744,99,4.545454545,0.103448276,2.489195402,46.4749489
ALFFIVE_5_Fe_i,4.83027,0.887624,1284.88,1447.55,0.514148,0.45637,66.51069426,4.059477589,7.051228,11.95466816,99,4.545454545,0.103448276,2.467356322,46.48767143
ALFFIVE_5_Ni_i,4.92772,0.880812,1296.1,1471.49,0.521996,0.45978,66.27315398,4.044979327,7.026044821,11.91197254,99,4.545454545,0.103448276,2.467356322,46.20340034
ALFFIVE_5_Zn_i,5.01973,0.86788,1321.11,1522.23,0.540478,0.46907,65.72203154,4.011341591,6.967616774,11.8129135,99,4.545454545,0.103448276,2.486321839,46.78463354
ALFFIVE_6_Cd_i,4.63566,1.00847,1013.48,1004.96,0.402807,0.40622,60.12459422,3.532088392,7.011615945,11.88750979,91,5,0.113924051,2.476708861,35.48282582
ALFFIVE_6_Co_i,4.1311,1.0471,817.962,781.168,0.341399,0.35748,64.43695455,3.785422956,7.514515214,12.74012637,91,5,0.113924051,2.476708861,30.17481783
ALFFIVE_6_Cu_i,4.27622,1.02984,917.646,891.054,0.359686,0.37042,64.04073526,3.762146599,7.468308874,12.66178803,91,5,0.113924051,2.500759494,30.3597827
ALFFIVE_6_Fe_i,4.3962,1.01081,908.488,898.777,0.366559,0.37052,64.7049396,3.801166046,7.545767122,12.79311093,91,5,0.113924051,2.476708861,30.75482298
ALFFIVE_6_Ni_i,4.25179,1.04824,850.649,811.504,0.341192,0.35765,64.45770282,3.786641837,7.516934838,12.7442286,91,5,0.113924051,2.476708861,29.62003024
ALFFIVE_6_Zn_i,4.34465,1.02897,893.958,868.793,0.358058,0.36843,63.88455995,3.752971901,7.450096005,12.63090989,91,5,0.113924051,2.497594937,30.11773706
ALFFIVE_7_Cd,10.6614,0.618856,1741.36,2813.84,1.12692,0.6974,48.1375473,3.366542314,9.356182181,15.86249278,22,8.333333333,0.163636364,2.495636364,90.98781602
ALFFIVE_7_Co,9.78746,0.647134,1745.33,2697.02,1.0341,0.6692,52.85785275,3.696661086,10.27363727,17.41794824,22,8.333333333,0.163636364,2.495636364,88.56809142
ALFFIVE_7_Cu,9.93472,0.634892,1748.73,2754.37,1.06246,0.67455,52.41449534,3.66565449,10.18746477,17.27185119,22,8.333333333,0.163636364,2.530181818,89.69047171
ALFFIVE_7_Fe,10.31005,0.618627,1717.15,2775.75,1.08041,0.66837,53.15885658,3.717712058,10.33214143,17.51713633,22,8.333333333,0.163636364,2.495636364,90.59540715
ALFFIVE_7_Ni,10.09271,0.642597,1711,2662.63,1.03043,0.66215,52.8811246,3.698288624,10.27816047,17.42561689,22,8.333333333,0.163636364,2.495636364,87.20078309
ALFFIVE_7_Zn,10.21533,0.632705,1726.39,2728.59,1.05785,0.66931,52.24028822,3.65347116,10.15360527,17.21444571,22,8.333333333,0.163636364,2.525636364,89.25608376
BFFIVE_1_Cd,8.08335,0.705388,1852.42,2626.1,0.939228,0.66252,45.27447011,3.039658038,10.55964537,17.90284704,9.5,5,0.191489362,2.516170213,81.76098463
BFFIVE_1_Co,7.17518,0.744221,1766.94,2374.21,0.840717,0.62568,50.34908166,3.380359624,11.74322849,19.90949657,9.5,5,0.191489362,2.516170213,74.65318335
BFFIVE_1_Cu,7.51849,0.715763,1809.26,2527.73,0.895394,0.64089,49.8669357,3.347989089,11.6307746,19.71884199,9.5,5,0.191489362,2.556595745,76.71419492
BFFIVE_1_Fe,7.28919,0.723433,1778.2,2458,0.871318,0.63034,50.67707971,3.402380907,11.81972951,20.03919658,9.5,5,0.191489362,2.516170213,76.93857389
BFFIVE_1_Ni,7.31871,0.777566,1694.43,2179.14,0.771819,0.60014,50.37442149,3.382060901,11.74913865,19.91951668,9.5,5,0.191489362,2.516170213,64.64420568
BFFIVE_1_Zn,7.5096,0.752186,1720.53,2287.38,0.820582,0.61723,49.6778036,3.335291052,11.58666214,19.64405364,9.5,5,0.191489362,2.551276596,71.65460761
BFFIVE_13_Cd_i,4.19454,1.11703,743.407,665.519,0.396801,0.44324,41.73589735,2.335069771,24.33580527,13.7529934,22,4.166666667,0.288135593,2.589491525,36.26708028
BFFIVE_13_Co_i,4.11067,1.16904,163.718,140.044,0.330261,0.38609,45.23853241,2.531037697,26.3781585,14.90719685,22,4.166666667,0.288135593,2.589491525,32.42978041
BFFIVE_13_Fe_i,4.33761,1.10044,191.079,173.639,0.373342,0.41084,45.45883199,2.543363175,26.50661309,14.97979092,22,4.166666667,0.288135593,2.589491525,37.14994361
BFFIVE_13_Ni_i,4.29062,1.10376,206.114,186.739,0.379105,0.41844,45.25557759,2.531991353,26.38809738,14.91281365,22,4.166666667,0.288135593,2.589491525,36.3151944
BFFIVE_13_Zn_i,4.37556,1.08644,618.189,569.006,0.390166,0.42389,44.78541333,2.505686267,26.11394907,14.75788309,22,4.166666667,0.288135593,2.617457627,38.32619099
BFFIVE_15_Cd_i,11.22187,0.658949,1840.82,2793.57,0.965113,0.63596,61.68423485,3.106038235,7.193498273,12.19587351,99,2.5,0.12,2.491466667,83.82037955
BFFIVE_15_Co_i,10.70841,0.66609,1787.39,2683.41,0.928043,0.61816,66.23168407,3.335019775,7.723813161,13.09497059,99,2.5,0.12,2.491466667,75.53727379
BFFIVE_15_Cu_i,10.7899,0.656926,1810.68,2756.3,0.947458,0.62241,65.8131577,3.313945365,7.675005411,13.01222182,99,2.5,0.12,2.5168,79.41225389
BFFIVE_15_Fe_i,10.88899,0.661116,1769.41,2676.4,0.930139,0.61493,66.51483791,3.34927766,7.756834024,13.15095424,99,2.5,0.12,2.491466667,73.33900996
BFFIVE_15_Ni_i,10.75056,0.665881,1764.15,2649.34,0.920404,0.61288,66.25360441,3.336123549,7.72636947,13.09930456,99,2.5,0.12,2.491466667,73.31401399
BFFIVE_15_Zn_i,10.94228,0.661814,1779.39,2688.65,0.934023,0.61815,65.64822912,3.305640577,7.655771753,12.97961303,99,2.5,0.12,2.513466667,75.92818816
BFFIVE_16_Cd_i,8.527,0.694506,1729.64,2490.46,0.86843,0.60313,67.08138843,3.464416056,6.017618515,10.20228426,66,1.923076923,0.094736842,2.474315789,71.95967552
BFFIVE_16_Cu_i,8.44359,0.552286,2051.96,3715.38,1.21745,0.67238,70.79693766,3.656305472,6.350926432,10.76737527,66,1.923076923,0.094736842,2.494315789,101.3885527
BFFIVE_16_Fe_i,8.54263,0.562217,2042.5,3632.94,1.17867,0.66267,71.42038717,3.688503501,6.406853737,10.86219455,66,1.923076923,0.094736842,2.474315789,97.30654639
BFFIVE_16_Zn_i,8.66686,0.564104,2009.29,3561.92,1.17872,0.66492,70.65006402,3.648720188,6.337750951,10.74503753,66,1.923076923,0.094736842,2.491684211,97.64424492
BFFIVE_18_Co,4.07337,1.08509,594.14,547.551,0.300455,0.32602,44.05822832,5.176502523,20.55194752,17.42190953,4,5,0.206349206,2.489206349,22.14595413
BFFIVE_18_Cu,3.70015,1.08605,571.484,526.203,0.314488,0.34155,43.68859644,5.133073624,20.37952445,17.2757463,4,5,0.206349206,2.519365079,23.87490686
BFFIVE_18_Fe,3.89474,1.05365,564.327,535.595,0.318456,0.33554,44.30917928,5.205987328,20.66900921,17.52114287,4,5,0.206349206,2.489206349,22.3693401
BFFIVE_18_Ni,3.69489,1.10243,474.227,430.165,0.293742,0.32383,44.07763035,5.178782113,20.56099803,17.42958166,4,5,0.206349206,2.489206349,22.09606634
BFFIVE_18_Zn,3.97929,1.09329,645.62,590.53,0.310403,0.33936,43.54335847,5.116009281,20.31177494,17.21831497,4,5,0.206349206,2.515396825,22.95020216
BFFIVE_2_Cd,10.99708,0.530752,1961.54,3695.77,1.40041,0.74327,49.81836407,2.787273387,9.682871611,16.41636279,13.5,4.166666667,0.176470588,2.518823529,114.40706
BFFIVE_2_Cd_i,4.11984,1.07057,727.824,679.845,0.40809,0.43689,49.81836407,2.787273387,9.682871611,16.41636279,26,4.166666667,0.176470588,2.518823529,41.10936403
BFFIVE_2_Co,10.22406,0.538276,2014.13,3741.83,1.35284,0.7282,54.89143164,3.071104992,10.66889078,18.08806196,13.5,4.166666667,0.176470588,2.518823529,112.4224982
BFFIVE_2_Co_i,3.77255,1.08956,356.152,326.875,0.359768,0.39199,54.89143164,3.071104992,10.66889078,18.08806196,26,4.166666667,0.176470588,2.518823529,28.21936977
BFFIVE_2_Cu,10.37366,0.522634,2029.17,3882.58,1.40465,0.73412,54.41345802,3.044362983,10.57599015,17.93055802,13.5,4.166666667,0.176470588,2.556078431,115.1164635
BFFIVE_2_Cu_i,3.86528,1.06583,444.963,417.481,0.379883,0.40489,54.41345802,3.044362983,10.57599015,17.93055802,26,4.166666667,0.176470588,2.556078431,33.41063198
BFFIVE_2_Fe,10.67609,0.519982,1943.62,3737.87,1.40407,0.73009,55.21611294,3.089270493,10.73199697,18.19505234,13.5,4.166666667,0.176470588,2.518823529,112.8794105
BFFIVE_2_Fe_i,3.959,1.07968,514.868,476.873,0.359645,0.3883,55.21611294,3.089270493,10.73199697,18.19505234,26,4.166666667,0.176470588,2.518823529,24.56564934
BFFIVE_2_Ni,10.1152,0.519134,2047.45,3943.96,1.41948,0.7369,54.91652902,3.072509159,10.6737688,18.09633215,13.5,4.166666667,0.176470588,2.518823529,116.8959954
BFFIVE_2_Ni_i,3.86659,1.07118,456.961,426.597,0.372796,0.39933,54.91652902,3.072509159,10.6737688,18.09633215,26,4.166666667,0.176470588,2.518823529,27.19712594
BFFIVE_2_Zn,10.62936,0.524248,1974.08,3765.55,1.39636,0.73204,54.22573363,3.033860045,10.53950339,17.86869827,13.5,4.166666667,0.176470588,2.551176471,115.9530993
BFFIVE_2_Zn_i,3.96932,1.05798,556.161,525.684,0.387239,0.40969,54.22573363,3.033860045,10.53950339,17.86869827,26,4.166666667,0.176470588,2.551176471,37.04153519
BFFIVE_3_Cd,4.19645,1.30504,925.123,708.886,0.337362,0.44027,25.39390576,2.131134544,14.80694522,25.10372896,3,12.5,0.333333333,2.594814815,26.28086202
BFFIVE_3_Co,3.64596,1.30344,278.803,213.897,0.290783,0.37902,29.57345505,2.481895153,17.2440007,29.23551843,3,12.5,0.333333333,2.594814815,23.97711786
BFFIVE_3_Fe,3.82618,1.22711,685.637,558.741,0.325227,0.39909,29.85722054,2.505709625,17.40946166,29.51604133,3,12.5,0.333333333,2.594814815,24.86817865
BFFIVE_3_Zn,3.77417,1.27356,648.589,509.273,0.311882,0.3972,28.99806857,2.433606953,16.90849831,28.6667069,3,12.5,0.333333333,2.655925926,25.71195574
BFFIVE_4_Co_i,6.69056,0.790525,1362.85,1723.98,0.631644,0.49933,61.07563105,3.844240869,8.903155068,15.09442957,67,3.125,0.134328358,2.484477612,63.44475428
BFFIVE_4_Cu_i,6.62457,0.879077,1147.09,1304.88,0.530408,0.46627,60.63118574,3.816266457,8.838367107,14.98458791,67,3.125,0.134328358,2.512835821,56.83161198
BFFIVE_4_Fe_i,3.68194,1.20722,87.2154,72.2448,0.183628,0.22168,61.37680708,3.863197582,8.947058288,15.16886319,67,3.125,0.134328358,2.484477612,15.55340228
BFFIVE_4_Ni_i,6.83051,0.766125,1435.17,1873.28,0.659031,0.5049,61.09893254,3.845707518,8.906551787,15.10018837,67,3.125,0.134328358,2.484477612,65.00734798
BFFIVE_4_Zn_i,6.90887,0.763537,1471.85,1927.67,0.664788,0.50759,60.45627855,3.805257396,8.812870427,14.94136078,67,3.125,0.134328358,2.509104478,65.9982397
BFFIVE_5_Co_i,4.80352,0.823817,1421.49,1725.49,0.607453,0.50043,67.62422569,4.127441935,7.169280654,12.1548149,99,2.272727273,0.103448276,2.467356322,50.39404488
BFFIVE_5_Fe_i,5.12805,0.789668,1442.18,1826.31,0.641523,0.50659,67.89249409,4.143815687,7.197721518,12.20303361,99,2.272727273,0.103448276,2.467356322,51.9124058
BFFIVE_5_Ni_i,5.021,0.80123,1436.46,1792.82,0.630568,0.50523,67.64499956,4.128709868,7.171483026,12.15854881,99,2.272727273,0.103448276,2.467356322,51.51753669
BFFIVE_5_Zn_i,5.1583,0.787142,1490.07,1893.01,0.658916,0.51866,67.07092346,4.093671156,7.110621513,12.05536406,99,2.272727273,0.103448276,2.486321839,53.17537494
BFFIVE_6_Cd_i,4.78804,0.918672,1159.87,1262.55,0.487965,0.44828,61.36655673,3.605048908,7.156451254,12.13306391,91,2.5,0.113924051,2.476708861,45.53077826
BFFIVE_6_Co_i,4.37127,0.944979,1023.29,1082.87,0.431343,0.40761,65.86557905,3.869349145,7.681118689,13.02258628,91,2.5,0.113924051,2.476708861,37.53804604
BFFIVE_6_Cu_i,4.48197,0.951639,1065.41,1119.55,0.429228,0.40847,65.45165237,3.845032546,7.632847346,12.94074694,91,2.5,0.113924051,2.500759494,34.65460945
BFFIVE_6_Fe_i,4.507,0.924137,1045.98,1131.85,0.45187,0.41759,66.14560459,3.885799567,7.713774735,13.07795142,91,2.5,0.113924051,2.476708861,43.03784617
BFFIVE_6_Ni_i,4.43916,0.956419,1032.24,1079.27,0.421844,0.40346,65.88725769,3.870622681,7.683646811,13.02687247,91,2.5,0.113924051,2.476708861,33.82402673
BFFIVE_6_Zn_i,4.50281,0.931352,1059.45,1137.54,0.451236,0.42026,65.28852844,3.835449643,7.613824143,12.90849496,91,2.5,0.113924051,2.497594937,43.87265729
BFFIVE_7_Cd,10.69851,0.539126,1905.08,3533.66,1.36558,0.73622,49.47362279,3.459981945,9.615866489,16.30276215,22,4.166666667,0.163636364,2.495636364,114.8489502
BFFIVE_7_Co,9.76608,0.560036,1917.03,3423.04,1.2704,0.71147,54.47319935,3.809631792,10.58760169,17.95024424,22,4.166666667,0.163636364,2.495636364,111.5221154
BFFIVE_7_Cu,9.92251,0.546303,1949.21,3568.01,1.31365,0.71765,54.00245037,3.776709542,10.49610527,17.795121,22,4.166666667,0.163636364,2.530181818,113.380318
BFFIVE_7_Fe,10.41421,0.537177,1841.32,3427.77,1.3312,0.71509,54.79293742,3.831992959,10.6497471,18.05560572,22,4.166666667,0.163636364,2.495636364,109.8582678
BFFIVE_7_Ni,10.04033,0.560674,1850.63,3300.72,1.2625,0.70785,54.49791566,3.811360349,10.59240564,17.95838887,22,4.166666667,0.163636364,2.495636364,107.0526979
BFFIVE_7_Zn,10.22897,0.537415,1908.64,3551.53,1.34055,0.72043,53.81754638,3.763778116,10.46016668,17.73419064,22,4.166666667,0.163636364,2.525636364,115.703171
FeFFIVE_1_Cd,8.08065,0.829815,1667.36,2009.31,0.751492,0.6236,41.7323204,2.801843574,9.733487833,16.50217765,9.5,10,0.191489362,2.516170213,62.82467097
FeFFIVE_1_Co,7.08787,0.876589,1627.2,1856.29,0.668512,0.58601,46.00646565,3.088803089,10.73037323,18.19229944,9.5,10,0.191489362,2.516170213,53.82983686
FeFFIVE_1_Cu,7.20989,0.859503,1645.02,1913.92,0.689933,0.593,45.60357053,3.061753332,10.6364035,18.03298295,9.5,10,0.191489362,2.556595745,54.86895848
FeFFIVE_1_Fe,7.18754,0.842247,1651.76,1961.14,0.706527,0.59507,46.28017016,3.107179187,10.79421103,18.30053019,9.5,10,0.191489362,2.516170213,56.72404189
FeFFIVE_1_Ni,7.32158,0.858772,1619.66,1886.02,0.67621,0.58071,46.02762194,3.090223489,10.73530764,18.20066526,9.5,10,0.191489362,2.516170213,54.08880312
FeFFIVE_1_Zn,7.43649,0.844428,1640.25,1942.44,0.697656,0.58912,45.44534432,3.051130269,10.59949942,17.97041569,9.5,10,0.191489362,2.551276596,56.29792276
FeFFIVE_13_Cd_i,4.38447,1.19967,833.113,694.451,0.34782,0.41727,39.18115699,2.192135334,22.84616043,12.91114431,22,8.333333333,0.288135593,2.589491525,31.65474124
FeFFIVE_13_Co_i,3.84135,1.26753,133.774,105.539,0.276876,0.35095,42.25233201,2.363963626,24.63693341,13.92317118,22,8.333333333,0.288135593,2.589491525,23.6791063
FeFFIVE_13_Cu_i,3.93041,1.21916,147.834,121.259,0.312453,0.38093,41.96856114,2.348087011,24.47146932,13.82966178,22,8.333333333,0.288135593,2.621694915,29.08244473
FeFFIVE_13_Fe_i,4.10468,1.18798,345.334,290.691,0.324316,0.38528,42.44444575,2.374712143,24.74895311,13.98647733,22,8.333333333,0.288135593,2.589491525,30.94356542
FeFFIVE_13_Ni_i,3.9322,1.24761,143.532,115.045,0.290059,0.36188,42.26720078,2.364795514,24.64560325,13.9280708,22,8.333333333,0.288135593,2.589491525,25.27772971
FeFFIVE_13_Zn_i,4.03865,1.23637,157.356,127.272,0.30295,0.37456,41.8567979,2.341834001,24.40630123,13.79283307,22,8.333333333,0.288135593,2.617457627,29.29578275
FeFFIVE_15_Cd_i,11.15181,0.733823,1726.52,2352.77,0.827079,0.60693,58.31254817,2.936260855,6.800298578,11.52924184,99,5,0.12,2.491466667,65.55165125
FeFFIVE_15_Co_i,10.77131,0.730287,1659.36,2272.2,0.809695,0.59131,62.36014267,3.140072791,7.272321359,12.32951035,99,5,0.12,2.491466667,64.91553506
FeFFIVE_15_Cu_i,10.77523,0.726621,1674.98,2305.17,0.818845,0.59499,61.98897865,3.121383256,7.229036915,12.2561258,99,5,0.12,2.5168,65.37968299
FeFFIVE_15_Fe_i,10.96391,0.717001,1675.42,2336.7,0.824615,0.59125,62.61109808,3.15270936,7.301587302,12.3791279,99,5,0.12,2.491466667,65.11597194
FeFFIVE_15_Ni_i,10.82503,0.736264,1642.26,2230.53,0.796563,0.58648,62.37957486,3.141051276,7.274587503,12.33335238,99,5,0.12,2.491466667,63.67665554
FeFFIVE_15_Zn_i,10.8983,0.731597,1673.78,2287.85,0.806551,0.59007,61.84263878,3.114014481,7.211971038,12.22719228,99,5,0.12,2.513466667,64.03757519
FeFFIVE_16_Cu_i,8.34507,0.618345,2014.53,3257.94,1.04741,0.64766,67.3583992,3.478722268,6.042468107,10.24441432,66,3.846153846,0.094736842,2.494315789,86.45023653
FeFFIVE_16_Fe_i,8.48059,0.612408,1991.6,3252.08,1.0535,0.64517,67.92251744,3.507856136,6.093073028,10.33021002,66,3.846153846,0.094736842,2.474315789,85.49649393
FeFFIVE_16_Ni_i,8.35585,0.625567,1986.83,3176.05,1.02573,0.64166,67.71279641,3.4970251,6.074259744,10.29831393,66,3.846153846,0.094736842,2.474315789,83.89291251
FeFFIVE_18_Cd,3.80468,1.26714,517.412,408.329,0.245734,0.31138,37.31601799,4.384344733,17.40689248,14.75584276,4,10,0.206349206,2.489206349,20.19288451
FeFFIVE_2_Cd,11.03269,0.602121,1813.22,3011.39,1.19818,0.72145,46.22096799,2.586003704,8.983669117,15.23093327,13.5,8.333333333,0.176470588,2.518823529,93.16356709
FeFFIVE_2_Cd_i,4.093,1.21066,507.746,419.397,0.320115,0.38755,46.22096799,2.586003704,8.983669117,15.23093327,26,8.333333333,0.176470588,2.518823529,24.77362029
FeFFIVE_2_Co,10.26071,0.625688,1940.66,3101.63,1.11827,0.69969,50.55595698,2.828540762,9.826232751,16.6594176,13.5,8.333333333,0.176470588,2.518823529,90.40617214
FeFFIVE_2_Co_i,3.78792,1.21933,99.5851,81.6717,0.284319,0.34668,50.55595698,2.828540762,9.826232751,16.6594176,26,8.333333333,0.176470588,2.518823529,20.04680202
FeFFIVE_2_Cu,10.40091,0.616558,1931.82,3133.23,1.13996,0.70285,50.1502259,2.80584063,9.747373439,16.52571934,13.5,8.333333333,0.176470588,2.556078431,91.166429
FeFFIVE_2_Cu_i,3.77721,1.21574,96.8816,79.6897,0.287406,0.34941,50.1502259,2.80584063,9.747373439,16.52571934,26,8.333333333,0.176470588,2.556078431,20.0090281
FeFFIVE_2_Fe,10.36755,0.627638,1929.76,3074.63,1.10892,0.696,50.83124669,2.843942867,9.879739023,16.75013225,13.5,8.333333333,0.176470588,2.518823529,90.13012004
FeFFIVE_2_Fe_i,3.87285,1.19179,244.734,205.35,0.293357,0.34962,50.83124669,2.843942867,9.879739023,16.75013225,26,8.333333333,0.176470588,2.518823529,20.48358548
FeFFIVE_2_Ni,10.29459,0.614916,1944,3161.41,1.14181,0.70212,50.57724564,2.829731835,9.83037049,16.66643273,13.5,8.333333333,0.176470588,2.518823529,91.32000914
FeFFIVE_2_Ni_i,3.85466,1.21732,125.423,103.032,0.283779,0.34545,50.57724564,2.829731835,9.83037049,16.66643273,26,8.333333333,0.176470588,2.518823529,19.96649833
FeFFIVE_2_Zn,10.64035,0.610813,1906.76,3121.68,1.14998,0.70242,49.99072203,2.796916594,9.716371708,16.47315893,13.5,8.333333333,0.176470588,2.551176471,92.30174187
FeFFIVE_2_Zn_i,3.91732,1.20143,162.134,134.95,0.29489,0.35429,49.99072203,2.796916594,9.716371708,16.47315893,26,8.333333333,0.176470588,2.551176471,20.68588287
FeFFIVE_3_Cd,3.9561,1.50267,740.532,492.811,0.256091,0.38482,22.69303891,1.904469505,13.23209541,22.43372498,3,25,0.333333333,2.594814815,21.1942672
FeFFIVE_4_Cd_i,6.81774,0.976611,748.138,766.055,0.467187,0.45626,52.80887916,3.323912467,7.698088943,13.05135769,67,6.25,0.134328358,2.484477612,49.05169486
FeFFIVE_4_Co_i,6.28137,0.995012,727.778,731.426,0.435382,0.43321,56.99676721,3.587507785,8.308568378,14.08636593,67,6.25,0.134328358,2.484477612,45.25265176
FeFFIVE_4_Cu_i,6.37785,0.984791,733.624,744.954,0.444257,0.4375,56.60951494,3.563133236,8.252117599,13.99065915,67,6.25,0.134328358,2.512835821,45.64095474
FeFFIVE_4_Fe_i,6.43987,0.983722,723.191,735.158,0.441537,0.43435,57.25897279,3.604011608,8.346790773,14.15116826,67,6.25,0.134328358,2.484477612,45.73804756
FeFFIVE_4_Ni_i,6.51659,0.981327,713.231,726.802,0.443563,0.43528,57.01705978,3.588785047,8.31152648,14.0913811,67,6.25,0.134328358,2.484477612,45.14214187
FeFFIVE_4_Zn_i,5.02984,1.19317,540.939,453.362,0.24869,0.29673,56.45701225,3.553534365,8.229886881,13.95296914,67,6.25,0.134328358,2.509104478,20.13918515
FeFFIVE_5_Cd_i,5.36729,0.856115,1473.07,1720.64,0.598062,0.51201,60.05411284,3.665400397,6.366724128,10.79415872,99,4.545454545,0.103448276,2.467356322,47.79867621
FeFFIVE_5_Co_i,4.91533,0.881568,1346.29,1527.15,0.542602,0.47834,63.93962271,3.902552339,6.77865211,11.49254237,99,4.545454545,0.103448276,2.467356322,45.03013946
FeFFIVE_5_Cu_i,4.9289,0.872951,1369.3,1568.58,0.557271,0.48647,63.58474834,3.880892596,6.741029587,11.42875706,99,4.545454545,0.103448276,2.489195402,45.20909658
FeFFIVE_5_Fe_i,5.08527,0.86186,1357.22,1574.76,0.5582,0.48109,64.17940174,3.917187242,6.804072631,11.53564038,99,4.545454545,0.103448276,2.467356322,45.75997451
FeFFIVE_5_Ni_i,4.96108,0.887736,1326.47,1494.22,0.532523,0.47274,63.95819416,3.903685846,6.780620988,11.49588041,99,4.545454545,0.103448276,2.467356322,44.9565058
FeFFIVE_5_Zn_i,5.04882,0.877913,1348.38,1535.89,0.545384,0.4788,63.44475217,3.872347935,6.726187689,11.40359407,99,4.545454545,0.103448276,2.486321839,44.89516973
FeFFIVE_6_Cd_i,4.69884,1.01079,1035.88,1024.83,0.40979,0.41421,58.02856981,3.408955029,6.767181561,11.47309518,91,5,0.113924051,2.476708861,37.34445905
FeFFIVE_6_Co_i,4.29533,1.05694,892.208,844.141,0.345374,0.36504,62.03548279,3.644345738,7.23446014,12.26532035,91,5,0.113924051,2.476708861,29.5994813
FeFFIVE_6_Cu_i,4.23273,1.04286,920.019,882.209,0.360538,0.37599,61.66816203,3.622767058,7.191623891,12.19269568,91,5,0.113924051,2.500759494,30.33092817
FeFFIVE_6_Fe_i,4.38119,1.02593,925.491,902.103,0.367434,0.37696,62.28382674,3.658934989,7.26342154,12.31442158,91,5,0.113924051,2.476708861,30.43580457
FeFFIVE_6_Ni_i,4.30165,1.05586,867.958,822.041,0.346467,0.36582,62.05471313,3.645475446,7.236702746,12.26912247,91,5,0.113924051,2.476708861,29.86385521
FeFFIVE_6_Zn_i,4.38328,1.04293,902.751,865.595,0.360256,0.37572,61.5233312,3.614258804,7.174733995,12.16406051,91,5,0.113924051,2.497594937,30.31371891
FeFFIVE_7_Cd,10.63471,0.649477,1728.27,2661.03,1.06871,0.6941,45.92406846,3.211740697,8.925962686,15.13309766,22,8.333333333,0.163636364,2.495636364,85.15912062
FeFFIVE_7_Co,9.78746,0.664021,1766.73,2660.65,1.01575,0.67448,50.20096827,3.5108495,9.757235903,16.54244018,22,8.333333333,0.163636364,2.495636364,85.67224085
FeFFIVE_7_Cu,9.93933,0.653159,1767.38,2705.89,1.03978,0.67914,49.80089249,3.482869843,9.679475773,16.41060548,22,8.333333333,0.163636364,2.530181818,86.7433486
FeFFIVE_7_Fe,9.98569,0.656511,1745.27,2658.4,1.02697,0.67422,50.47239517,3.529831983,9.809991386,16.63188195,22,8.333333333,0.163636364,2.495636364,85.27201217
FeFFIVE_7_Ni,10.06875,0.652979,1737.77,2661.3,1.03228,0.67406,50.22195895,3.512317502,9.761315725,16.54935712,22,8.333333333,0.163636364,2.495636364,85.41464433
FeFFIVE_7_Zn,10.24045,0.666458,1701.28,2552.72,0.99343,0.66208,49.64359952,3.471869419,9.648903761,16.35877362,22,8.333333333,0.163636364,2.525636364,82.00569178
GaFFIVE_1_Cd,8.04283,0.850304,1669.91,1963.9,0.733972,0.6241,40.74985708,2.735882504,9.504341822,16.11368297,9.5,10,0.191489362,2.516170213,63.14952678
GaFFIVE_1_Co,7.08544,0.898912,1632.36,1815.93,0.653624,0.58755,44.81532474,3.008831727,10.45255605,17.72128756,9.5,10,0.191489362,2.516170213,53.80446633
GaFFIVE_1_Cu,7.20324,0.883555,1652.01,1869.74,0.671967,0.59372,44.43293534,2.983158693,10.363369,17.57007963,9.5,10,0.191489362,2.556595745,54.89705526
GaFFIVE_1_Fe,7.17676,0.86839,1645.54,1894.93,0.684197,0.59415,45.07499991,3.026265917,10.5131217,17.8239707,9.5,10,0.191489362,2.516170213,56.37763167
GaFFIVE_1_Ni,7.31092,0.88609,1612.8,1820.13,0.653963,0.57947,44.83539947,3.010179513,10.45723821,17.72922569,9.5,10,0.191489362,2.516170213,53.80225625
GaFFIVE_1_Zn,7.42737,0.87021,1629.92,1873.03,0.676917,0.58906,44.28271477,2.973073116,10.32833213,17.51067803,9.5,10,0.191489362,2.551276596,56.27407025
GaFFIVE_13_Cd_i,4.3938,1.22538,828.073,675.771,0.340696,0.41748,38.45576101,2.151550362,22.42318893,12.67210869,22,8.333333333,0.288135593,2.589491525,31.705026
GaFFIVE_13_Co_i,3.86858,1.26578,137.628,108.73,0.293629,0.37167,41.40998273,2.316835267,24.14576755,13.64559661,22,8.333333333,0.288135593,2.589491525,28.16751398
GaFFIVE_13_Cu_i,3.93623,1.24729,149.699,120.019,0.305382,0.3809,41.13737718,2.301583337,23.98681385,13.55576645,22,8.333333333,0.288135593,2.621694915,29.78303337
GaFFIVE_13_Fe_i,4.05049,1.22899,162.146,131.934,0.310425,0.38151,41.59449609,2.327158552,24.25335554,13.70639824,22,8.333333333,0.288135593,2.589491525,30.58942293
GaFFIVE_13_Ni_i,4.00875,1.25331,155.898,124.389,0.299711,0.37563,41.42426446,2.317634312,24.15409509,13.65030278,22,8.333333333,0.288135593,2.589491525,28.1669157
GaFFIVE_13_Zn_i,4.08047,1.23508,171.12,138.549,0.311396,0.3846,41.02999136,2.295575239,23.92419819,13.5203802,22,8.333333333,0.288135593,2.617457627,30.61275868
GaFFIVE_15_Cd_i,11.17084,0.743466,1722.72,2317.14,0.817455,0.60775,57.34659214,2.887621258,6.687650621,11.33825824,99,5,0.12,2.491466667,66.01428241
GaFFIVE_15_Co_i,10.73752,0.743773,1670.27,2245.67,0.797421,0.5931,61.25670338,3.084510382,7.143640365,12.1113443,99,5,0.12,2.491466667,64.21703506
GaFFIVE_15_Cu_i,10.76646,0.740902,1676.01,2262.13,0.803291,0.59516,60.89852063,3.066474505,7.101869774,12.04052634,99,5,0.12,2.5168,64.80894666
GaFFIVE_15_Fe_i,10.96708,0.733699,1672.56,2279.63,0.805044,0.59066,61.49883899,3.096702841,7.17187776,12.15921804,99,5,0.12,2.491466667,64.98251419
GaFFIVE_15_Ni_i,10.82705,0.749096,1645.74,2196.97,0.784412,0.5876,61.27545385,3.085454541,7.145827009,12.11505154,99,5,0.12,2.491466667,63.32418167
GaFFIVE_15_Zn_i,10.90579,0.741566,1681.73,2267.81,0.799268,0.59271,60.75727819,3.059362405,7.085398348,12.01260065,99,5,0.12,2.513466667,64.24559311
GaFFIVE_16_Fe_i,8.48069,0.623565,1988.96,3189.66,1.03481,0.64527,66.91264541,3.455701329,6.002481214,10.17662045,66,3.846153846,0.094736842,2.474315789,84.77855834
GaFFIVE_16_Zn_i,8.43454,0.631899,1991.33,3151.33,1.02019,0.64466,66.23603185,3.420757644,5.941784762,10.07371555,66,3.846153846,0.094736842,2.491684211,83.67006494
GaFFIVE_18_Cd,3.91903,1.29683,555.338,428.227,0.241805,0.31358,36.52852774,4.291820694,17.03955002,14.44444613,4,10,0.206349206,2.489206349,20.52675843
GaFFIVE_2_Cd,11.01323,0.616475,1815.35,2944.73,1.17022,0.72141,45.21483257,2.529711721,8.788113116,14.89938718,13.5,8.333333333,0.176470588,2.518823529,92.70594956
GaFFIVE_2_Cd_i,4.0936,1.23824,517.796,418.171,0.314301,0.38918,45.21483257,2.529711721,8.788113116,14.89938718,26,8.333333333,0.176470588,2.518823529,25.28396135
GaFFIVE_2_Co,10.23922,0.642763,1944.28,3024.88,1.08889,0.6999,49.35469622,2.761331767,9.592751504,16.26357295,13.5,8.333333333,0.176470588,2.518823529,90.28457605
GaFFIVE_2_Co_i,3.70286,1.2712,55.3305,43.5262,0.267133,0.33958,49.35469622,2.761331767,9.592751504,16.26357295,26,8.333333333,0.176470588,2.518823529,20.07009298
GaFFIVE_2_Cu,10.38723,0.634019,1932.29,3047.69,1.10842,0.70276,48.96794348,2.739693449,9.517580889,16.13612852,13.5,8.333333333,0.176470588,2.556078431,90.51766249
GaFFIVE_2_Cu_i,3.79201,1.24492,101.763,81.7427,0.282258,0.35139,48.96794348,2.739693449,9.517580889,16.13612852,26,8.333333333,0.176470588,2.556078431,20.4141309
GaFFIVE_2_Fe,10.72495,0.61336,1905,3105.85,1.14484,0.7022,49.61702509,2.77600873,9.643738661,16.3500167,13.5,8.333333333,0.176470588,2.518823529,93.62711922
GaFFIVE_2_Fe_i,3.95659,1.20925,364.883,301.743,0.296613,0.35868,49.61702509,2.77600873,9.643738661,16.3500167,26,8.333333333,0.176470588,2.518823529,21.26278357
GaFFIVE_2_Ni,10.5252,0.634978,1903.2,2997.27,1.09982,0.69836,49.37498501,2.762466899,9.596694906,16.2702586,13.5,8.333333333,0.176470588,2.518823529,90.03114699
GaFFIVE_2_Ni_i,3.87224,1.24549,135.207,108.558,0.279497,0.34811,49.37498501,2.762466899,9.596694906,16.2702586,26,8.333333333,0.176470588,2.518823529,20.01900196
GaFFIVE_2_Zn,10.63095,0.626348,1910.19,3049.73,1.12204,0.70279,48.81586011,2.73118458,9.488021432,16.08601335,13.5,8.333333333,0.176470588,2.551176471,91.59961324
GaFFIVE_2_Zn_i,3.92994,1.22984,166.338,135.251,0.291248,0.35819,48.81586011,2.73118458,9.488021432,16.08601335,26,8.333333333,0.176470588,2.551176471,20.74540842
GaFFIVE_3_Cd,4.00324,1.55659,742.808,477.202,0.248402,0.38666,21.9728655,1.844030341,12.81216914,21.72178101,3,25,0.333333333,2.594814815,22.38441457
GaFFIVE_4_Cd_i,6.85471,1.01565,718.79,707.715,0.444494,0.45145,51.8207619,3.261718092,7.554048497,12.80715119,67,6.25,0.134328358,2.484477612,46.01225513
GaFFIVE_4_Co_i,6.27532,1.01744,725.121,712.688,0.425979,0.43341,55.84742044,3.515165253,8.141025082,13.80231264,67,6.25,0.134328358,2.484477612,45.08990154
GaFFIVE_4_Cu_i,6.38318,1.0056,732.517,728.438,0.435501,0.43794,55.47557774,3.491760617,8.086820595,13.71041423,67,6.25,0.134328358,2.512835821,45.01826303
GaFFIVE_4_Fe_i,7.21143,0.780015,1602.4,2054.32,0.740524,0.57762,56.09913447,3.531008714,8.177718097,13.86452206,67,6.25,0.134328358,2.484477612,67.73752862
GaFFIVE_4_Ni_i,6.51712,1.00601,709.168,704.93,0.432818,0.43542,55.86690272,3.516391513,8.143865065,13.80712755,67,6.25,0.134328358,2.484477612,44.21090317
GaFFIVE_4_Zn_i,6.53737,0.998319,714.121,715.324,0.44009,0.43935,55.32911547,3.482541945,8.065470407,13.67421707,67,6.25,0.134328358,2.509104478,44.94882287
GaFFIVE_5_Cd_i,5.37255,0.87057,1473.06,1692.07,0.588718,0.51252,59.12174974,3.608493653,6.267878298,10.62657528,99,4.545454545,0.103448276,2.467356322,47.37821619
GaFFIVE_5_Co_i,4.84322,0.898402,1352.53,1505.48,0.535072,0.48071,62.88376919,3.838108361,6.666714262,11.30276269,99,4.545454545,0.103448276,2.467356322,44.55484774
GaFFIVE_5_Cu_i,4.92504,0.891634,1364.85,1530.73,0.543665,0.48475,62.54048687,3.817156138,6.630320688,11.24106094,99,4.545454545,0.103448276,2.489195402,44.57941666
GaFFIVE_5_Fe_i,4.86844,0.908943,1322.51,1455,0.518228,0.47104,63.11568015,3.852263037,6.69130064,11.34444649,99,4.545454545,0.103448276,2.467356322,44.34580481
GaFFIVE_5_Ni_i,4.97087,0.90216,1329.86,1474.09,0.524508,0.47319,62.90173226,3.839204736,6.668618643,11.30599138,99,4.545454545,0.103448276,2.467356322,44.46034397
GaFFIVE_5_Zn_i,5.04203,0.894286,1347.08,1506.31,0.535064,0.4785,62.4050464,3.808889534,6.615961769,11.21671679,99,4.545454545,0.103448276,2.486321839,44.63077052
GaFFIVE_6_Cd_i,4.66724,1.03392,1030.62,996.808,0.399065,0.4126,57.07192198,3.352755653,6.655619109,11.28395194,91,5,0.113924051,2.476708861,37.80349195
GaFFIVE_6_Co_i,4.17877,1.06924,844.691,789.992,0.343272,0.36704,60.94340245,3.580190223,7.107103806,12.04940013,91,5,0.113924051,2.476708861,30.50577225
GaFFIVE_6_Cu_i,4.25141,1.06296,927.416,872.484,0.354087,0.37638,60.58886362,3.559362432,7.065758162,11.97930263,91,5,0.113924051,2.500759494,30.32686612
GaFFIVE_6_Fe_i,4.42834,1.04237,923.648,886.103,0.363489,0.37889,61.18306272,3.594269341,7.135052531,12.09678446,91,5,0.113924051,2.476708861,30.21643302
GaFFIVE_6_Ni_i,4.30069,1.07698,872.571,810.198,0.340534,0.36675,60.96196158,3.581280501,7.109268137,12.05306954,91,5,0.113924051,2.476708861,29.56962531
GaFFIVE_6_Zn_i,4.38311,1.06173,903.59,851.053,0.355203,0.37713,60.44905226,3.551149053,7.049453626,11.95165988,91,5,0.113924051,2.497594937,30.18583736
GaFFIVE_7_Cd,10.64521,0.649088,1765.75,2720.36,1.08195,0.70228,44.93067841,3.142267077,8.732883918,14.80575147,22,8.333333333,0.163636364,2.495636364,87.83619442
GaFFIVE_7_Co,9.79087,0.682542,1762.42,2582.14,0.987881,0.67427,49.01632041,3.428000095,9.526983598,16.15206989,22,8.333333333,0.163636364,2.495636364,84.78768459
GaFFIVE_7_Cu,9.9406,0.667277,1769.36,2651.62,1.0198,0.68049,48.63483215,3.401320374,9.452836205,16.02636023,22,8.333333333,0.163636364,2.530181818,86.5814485
GaFFIVE_7_Fe,10.29647,0.646897,1740.58,2690.67,1.05011,0.67931,49.27505513,3.446094939,9.577272183,16.23732928,22,8.333333333,0.163636364,2.495636364,87.23875776
GaFFIVE_7_Ni,10.0787,0.669375,1740.2,2599.74,1.00809,0.67479,49.0363319,3.429399617,9.530873102,16.15866417,22,8.333333333,0.163636364,2.495636364,84.63126436
GaFFIVE_7_Zn,10.18709,0.660701,1747.47,2644.88,1.03,0.68052,48.48480771,3.39082828,9.423676929,15.97692353,22,8.333333333,0.163636364,2.525636364,86.10288876
GeFSIX_1_Cd,7.74674,0.90151,1651.16,1831.55,0.670298,0.60428,39.2898967,2.637863017,9.16382621,18.64364643,9,5,0.208333333,2.546666667,56.47079069
GeFSIX_1_Co,7.06688,0.948403,1557.9,1642.66,0.586923,0.55664,43.05581196,2.890700755,10.04217398,20.43062981,9,5,0.208333333,2.546666667,49.83900999
GeFSIX_1_Cu,7.16712,0.930429,1571.14,1688.62,0.61261,0.56999,42.70274114,2.866996125,9.959825079,20.2630924,9,5,0.208333333,2.58625,49.7564606
GeFSIX_1_Fe,7.49125,0.89194,1582.39,1774.1,0.631489,0.56325,43.29544246,2.906789177,10.09806448,20.54433809,9,5,0.208333333,2.546666667,53.57427323
GeFSIX_1_Ni,7.28912,0.935597,1544.01,1650.3,0.587486,0.54965,43.07434098,2.891944765,10.04649561,20.43942211,9,5,0.208333333,2.546666667,49.89641507
GeFSIX_1_Zn,7.39677,0.915954,1573.43,1717.8,0.613753,0.56217,42.56397354,2.857679482,9.927459451,20.19724509,9,5,0.208333333,2.581041667,51.82484078
GeFSIX_13_Cd_i,4.01681,1.30109,613.262,471.346,0.297674,0.3873,37.3639022,2.090462266,21.78653643,14.77477758,21,4.166666667,0.3,2.612666667,29.14846547
GeFSIX_13_Fe_i,3.78928,1.26894,140.584,110.789,0.282393,0.35834,40.32008325,2.255856793,23.51025752,15.94373786,21,4.166666667,0.3,2.612666667,26.86446913
GeFSIX_13_Zn_i,3.74939,1.2905,131.43,101.844,0.27642,0.35672,39.78941963,2.226166847,23.2008326,15.73389797,21,4.166666667,0.3,2.640166667,26.30664056
GeFSIX_15_Cd_i,11.13808,0.777011,1634.27,2103.27,0.759269,0.58996,55.88539098,2.814044165,6.517248118,13.25922893,97,2.5,0.131578947,2.511052632,64.05702039
GeFSIX_15_Co_i,10.66914,0.781778,1588.66,2032.11,0.728391,0.56944,59.59233997,3.00070329,6.949545466,14.13873043,97,2.5,0.131578947,2.511052632,60.93028012
GeFSIX_15_Cu_i,10.73698,0.773821,1596.22,2062.77,0.742898,0.57487,59.25330281,2.983631466,6.910007597,14.05829132,97,2.5,0.131578947,2.536052632,61.81956277
GeFSIX_15_Fe_i,10.93404,0.771457,1588.5,2059.09,0.740858,0.57154,59.82147193,3.012240964,6.9762664,14.19309371,97,2.5,0.131578947,2.511052632,62.00755416
GeFSIX_15_Ni_i,10.80683,0.782201,1583.55,2024.48,0.728163,0.56957,59.61008523,3.001596832,6.951614884,14.14294063,97,2.5,0.131578947,2.511052632,60.64866074
GeFSIX_15_Zn_i,10.87705,0.778715,1589.97,2041.78,0.735057,0.5724,59.11958044,2.976898031,6.894413148,14.02656468,97,2.5,0.131578947,2.532763158,61.26690417
GeFSIX_16_Co_i,8.20523,0.652775,1978.04,3030.2,0.972969,0.63513,65.16772102,3.365584767,5.845950624,11.89348575,65,1.923076923,0.104166667,2.49,82.86425155
GeFSIX_16_Ni_i,8.34375,0.660748,1943.5,2941.37,0.952694,0.62949,65.18404412,3.366427773,5.847414908,11.89646481,65,1.923076923,0.104166667,2.49,81.44452812
GeFSIX_16_Zn_i,8.41889,0.655066,1947.2,2972.52,0.966376,0.63304,64.73228074,3.343096468,5.806888918,11.81401538,65,1.923076923,0.104166667,2.5071875,81.03520605
GeFSIX_2_Cd,10.97106,0.656757,1868.54,2845.1,1.07158,0.70377,43.71292354,2.445681843,8.496196819,17.28536594,13,4.166666667,0.192307692,2.546923077,86.89952796
GeFSIX_2_Cd_i,3.81453,1.30238,290.127,222.767,0.272877,0.35539,43.71292354,2.445681843,8.496196819,17.28536594,25,4.166666667,0.192307692,2.546923077,23.44396785
GeFSIX_2_Co,10.25298,0.681552,1892.12,2776.19,0.994083,0.67752,47.57059331,2.661513505,9.245987019,18.81080118,13,4.166666667,0.192307692,2.546923077,83.50334602
GeFSIX_2_Cu,10.39444,0.671502,1885.41,2807.75,1.01426,0.68108,47.21119453,2.641405605,9.176133014,18.66868441,13,4.166666667,0.192307692,2.583461538,83.9936599
GeFSIX_2_Fe,10.70672,0.647923,1856.02,2864.57,1.0559,0.68414,47.81425252,2.675145924,9.293345475,18.90715114,13,4.166666667,0.192307692,2.546923077,88.57205739
GeFSIX_2_Fe_i,3.68949,1.2787,154.364,120.719,0.248001,0.31712,47.81425252,2.675145924,9.293345475,18.90715114,25,4.166666667,0.192307692,2.546923077,18.42222089
GeFSIX_2_Ni,10.52245,0.669965,1854.25,2767.68,1.01243,0.67829,47.58944152,2.662568038,9.249650422,18.81825431,13,4.166666667,0.192307692,2.546923077,84.48403367
GeFSIX_2_Zn,10.60645,0.660002,1862.15,2821.43,1.03584,0.68366,47.0698118,2.633495423,9.148653371,18.61277755,13,4.166666667,0.192307692,2.578653846,86.78187349
GeFSIX_3_Cd,3.66439,1.66826,435.592,261.106,0.189665,0.31641,20.92472257,1.756066967,12.20100695,24.82273828,1,12.5,0.357142857,2.644285714,14.39109754
GeFSIX_4_Cd_i,6.82172,1.05552,702.905,665.935,0.448292,0.47318,50.33420639,3.168150864,7.337349398,14.92771084,65,3.125,0.147058824,2.506470588,45.72519727
GeFSIX_4_Co_i,6.36103,1.05312,711.418,675.536,0.412424,0.43433,54.12470797,3.406733763,7.889900764,16.05186707,65,3.125,0.147058824,2.506470588,41.7511492
GeFSIX_4_Cu_i,6.42509,1.04281,716.438,687.024,0.419912,0.43789,53.77538,3.384746256,7.838978308,15.94826621,65,3.125,0.147058824,2.534411765,42.95890745
GeFSIX_4_Fe_i,6.64147,1.0326,680.435,658.954,0.440123,0.45447,54.36109952,3.421612791,7.92436018,16.12197416,65,3.125,0.147058824,2.506470588,44.86009855
GeFSIX_4_Ni_i,6.50338,1.04299,694.209,665.592,0.416455,0.43436,54.14300666,3.407885525,7.892568212,16.05729395,65,3.125,0.147058824,2.506470588,43.21673276
GeFSIX_4_Zn_i,6.56776,1.0357,702.675,678.455,0.437009,0.45261,53.63774649,3.376083286,7.818915109,15.90744798,65,3.125,0.147058824,2.530735294,45.21296038
GeFSIX_5_Cd_i,5.25766,0.90928,1385.87,1524.14,0.5431,0.49383,57.70761174,3.522181796,6.117956401,12.44687682,97,2.272727273,0.113636364,2.484545455,44.75165345
GeFSIX_5_Co_i,4.81924,0.937606,1287.47,1373.15,0.490569,0.45996,61.2863685,3.740611073,6.497363505,13.21877403,97,2.272727273,0.113636364,2.484545455,42.05042299
GeFSIX_5_Cu_i,4.89202,0.931879,1299.17,1394.14,0.496599,0.46277,60.96025986,3.720707045,6.462790623,13.14843609,97,2.272727273,0.113636364,2.506136364,41.87500342
GeFSIX_5_Fe_i,4.81781,0.960611,1240.21,1291.06,0.461258,0.44309,61.50662627,3.754054498,6.520714453,13.26628113,97,2.272727273,0.113636364,2.484545455,41.90962783
GeFSIX_5_Ni_i,4.92509,0.947296,1259.98,1330.08,0.475332,0.45028,61.30343043,3.741652447,6.49917235,13.22245409,97,2.272727273,0.113636364,2.484545455,41.81561095
GeFSIX_5_Zn_i,5.02031,0.926547,1293.17,1395.68,0.499143,0.46248,60.8315703,3.712852483,6.449147411,13.12067922,97,2.272727273,0.113636364,2.503295455,42.13666205
GeFSIX_6_Cd_i,4.62747,1.07981,1018.14,942.888,0.363776,0.39281,55.62450794,3.267725652,6.486824434,13.19733247,89,2.5,0.125,2.4955,30.97837687
GeFSIX_6_Co_i,4.11127,1.13086,717.186,634.197,0.293706,0.33214,59.29579151,3.483399425,6.914962548,14.06837208,89,2.5,0.125,2.4955,29.61946052
GeFSIX_6_Cu_i,4.32075,1.13135,795.298,702.961,0.300136,0.33956,58.96011074,3.463679472,6.875816095,13.9887293,89,2.5,0.125,2.51925,29.4369933
GeFSIX_6_Fe_i,4.37547,1.09178,830.964,761.107,0.31847,0.3477,59.52264435,3.496726155,6.941417695,14.12219462,89,2.5,0.125,2.4955,29.80810363
GeFSIX_6_Ni_i,4.23972,1.13116,766.559,677.676,0.295821,0.33462,59.31336057,3.484431539,6.917011418,14.07254047,89,2.5,0.125,2.4955,29.1776845
GeFSIX_6_Zn_i,4.33729,1.11013,811.331,730.845,0.312189,0.34657,58.82770696,3.45590126,6.860375418,13.95731551,89,2.5,0.125,2.516125,29.53229167
GeFSIX_7_Cd,10.65253,0.671152,1751.15,2609.17,1.03908,0.69738,43.44727799,3.038524145,8.444565021,17.18032194,21,4.166666667,0.178571429,2.522142857,86.56957878
GeFSIX_7_Co,9.77818,0.709153,1769.08,2494.64,0.941433,0.66762,47.25616104,3.304901779,9.184872861,18.68646548,21,4.166666667,0.178571429,2.522142857,82.26213591
GeFSIX_7_Cu,9.91582,0.693581,1768.19,2549.36,0.971883,0.67408,46.90147995,3.280096841,9.115935804,18.54621422,21,4.166666667,0.178571429,2.556071429,83.2452118
GeFSIX_7_Fe,9.92104,0.694305,1756.85,2530.38,0.964821,0.66988,47.49660167,3.321717209,9.231605744,18.78154272,21,4.166666667,0.178571429,2.522142857,84.03689655
GeFSIX_7_Ni,10.06234,0.693813,1747.71,2518.99,0.96552,0.66989,47.27476085,3.306202574,9.188487986,18.69382039,21,4.166666667,0.178571429,2.522142857,83.07151264
GeFSIX_7_Zn,10.17648,0.684691,1755.39,2563.77,0.985277,0.67461,46.76194339,3.270338227,9.088814989,18.49103739,21,4.166666667,0.178571429,2.551607143,84.57832186
InFFIVE_1_Cd,8.10068,0.87646,1716.8,1958.79,0.721687,0.63253,37.85400475,2.541459448,8.828924229,14.96857843,9.5,10,0.191489362,2.516170213,63.43041149
InFFIVE_1_Co,7.12279,0.935175,1633.23,1746.44,0.635742,0.59453,41.33748854,2.775335172,9.64139875,16.3460496,9.5,10,0.191489362,2.516170213,53.51537239
InFFIVE_1_Cu,7.24993,0.915968,1658.11,1810.23,0.657206,0.60198,41.01193037,2.7534777,9.565466801,16.2173144,9.5,10,0.191489362,2.556595745,55.23730548
InFFIVE_1_Fe,7.2183,0.906743,1649.09,1818.69,0.66139,0.59971,41.55832473,2.790161773,9.692905744,16.43337468,9.5,10,0.191489362,2.516170213,55.78823123
InFFIVE_1_Ni,7.3383,0.920669,1633.07,1773.79,0.647855,0.59646,41.35456782,2.776481849,9.645382257,16.35280325,9.5,10,0.191489362,2.516170213,53.23861615
InFFIVE_1_Zn,7.44599,0.905409,1657.71,1830.9,0.665766,0.60279,40.88391772,2.744883128,9.535609617,16.16669446,9.5,10,0.191489362,2.551276596,55.92081789
InFFIVE_13_Cd_i,4.29843,1.26303,626.788,496.256,0.337093,0.42576,36.27349326,2.029455289,21.15072934,11.95299838,22,8.333333333,0.288135593,2.589491525,30.47667642
InFFIVE_13_Co_i,3.89609,1.28497,146.359,113.901,0.301082,0.38688,38.89053033,2.175875146,22.67669879,12.81537575,22,8.333333333,0.288135593,2.589491525,29.32747177
InFFIVE_13_Cu_i,3.89953,1.27314,152.462,119.753,0.309934,0.39459,38.64999088,2.162417274,22.53644252,12.73611215,22,8.333333333,0.288135593,2.621694915,29.5133782
InFFIVE_13_Fe_i,4.02881,1.24785,464.298,372.077,0.316295,0.39469,39.05323039,2.184978005,22.77156765,12.86898938,22,8.333333333,0.288135593,2.589491525,29.73442434
InFFIVE_13_Ni_i,3.89613,1.28978,149.54,115.942,0.297879,0.3842,38.90312681,2.176579903,22.68404368,12.8195266,22,8.333333333,0.288135593,2.589491525,29.38102149
InFFIVE_13_Zn_i,3.98905,1.26771,320.943,253.168,0.310403,0.3935,38.55518373,2.157112935,22.48116137,12.70487089,22,8.333333333,0.288135593,2.617457627,29.55443501
InFFIVE_15_Cd_i,11.21481,0.754237,1771.1,2348.2,0.818284,0.61718,54.41736136,2.740123233,6.346049293,10.75910656,99,5,0.12,2.491466667,68.52983143
InFFIVE_15_Co_i,10.74465,0.761067,1698.55,2231.79,0.788761,0.6003,57.9260022,2.91679678,6.755220321,11.45281606,99,5,0.12,2.491466667,64.54300294
InFFIVE_15_Cu_i,10.81546,0.75898,1702.99,2243.79,0.793117,0.60196,57.60560948,2.900663776,6.717856732,11.38946975,99,5,0.12,2.5168,64.70529669
InFFIVE_15_Fe_i,11.02712,0.754993,1659.38,2197.87,0.789027,0.59571,58.14247593,2.927697065,6.780465077,11.49561608,99,5,0.12,2.491466667,63.74019123
InFFIVE_15_Ni_i,10.87766,0.765578,1670.23,2181.66,0.777661,0.59536,57.94276879,2.917641043,6.75717561,11.45613106,99,5,0.12,2.491466667,63.04694465
InFFIVE_15_Zn_i,10.96319,0.757982,1683.39,2220.89,0.791391,0.59986,57.47921278,2.894299216,6.703116588,11.36447927,99,5,0.12,2.513466667,64.63127009
InFFIVE_18_Cd,3.81901,1.35696,567.18,417.977,0.233359,0.31666,34.18431239,4.016393443,15.94603825,13.51747495,4,10,0.206349206,2.489206349,18.86516356
InFFIVE_2_Cd,11.04514,0.635593,1951.65,3070.6,1.1387,0.72375,42.2278214,2.362592289,8.20754717,13.91509434,13.5,8.333333333,0.176470588,2.518823529,91.14207307
InFFIVE_2_Cd_i,4.03797,1.27778,508.776,398.172,0.307682,0.39315,42.2278214,2.362592289,8.20754717,13.91509434,26,8.333333333,0.176470588,2.518823529,25.80260917
InFFIVE_2_Co,10.2466,0.664298,1962.55,2954.33,1.0629,0.70608,45.81706172,2.563405668,8.90516448,15.09783633,13.5,8.333333333,0.176470588,2.518823529,87.29929835
InFFIVE_2_Co_i,3.82401,1.28521,133.418,103.81,0.2751,0.35356,45.81706172,2.563405668,8.90516448,15.09783633,26,8.333333333,0.176470588,2.518823529,21.71865096
InFFIVE_2_Cu,10.40144,0.651239,1961.48,3011.93,1.09091,0.71044,45.48357779,2.544747671,8.840347378,14.98794527,13.5,8.333333333,0.176470588,2.556078431,88.67469914
InFFIVE_2_Cu_i,3.70872,1.29382,83.6529,64.6558,0.269528,0.34872,45.48357779,2.544747671,8.840347378,14.98794527,26,8.333333333,0.176470588,2.556078431,22.38804473
InFFIVE_2_Fe,10.72359,0.637456,1917.22,3007.61,1.1112,0.70834,46.04304596,2.576049195,8.949087569,15.17230364,13.5,8.333333333,0.176470588,2.518823529,90.22853041
InFFIVE_2_Fe_i,3.86571,1.26703,155.355,122.613,0.282282,0.35766,46.04304596,2.576049195,8.949087569,15.17230364,26,8.333333333,0.176470588,2.518823529,22.70033065
InFFIVE_2_Ni,10.54472,0.659648,1922.28,2914.1,1.06684,0.70374,45.83454572,2.564383875,8.908562733,15.10359774,13.5,8.333333333,0.176470588,2.518823529,86.89046569
InFFIVE_2_Ni_i,3.78489,1.30089,111.773,85.9205,0.266949,0.34727,45.83454572,2.564383875,8.908562733,15.10359774,26,8.333333333,0.176470588,2.518823529,20.16604308
InFFIVE_2_Zn,10.66456,0.650354,1926.04,2961.52,1.08899,0.70823,45.3523387,2.537405013,8.814839288,14.94469879,13.5,8.333333333,0.176470588,2.551176471,88.46696267
InFFIVE_2_Zn_i,3.84384,1.28292,148.496,115.749,0.278833,0.35772,45.3523387,2.537405013,8.814839288,14.94469879,26,8.333333333,0.176470588,2.551176471,22.85112087
InFFIVE_3_Cd,3.92599,1.65238,739.377,447.46,0.23552,0.38917,19.91873964,1.671641791,11.61442786,19.69112769,3,25,0.333333333,2.594814815,20.75655926
InFFIVE_4_Cd_i,6.81332,1.06227,729.907,687.12,0.424317,0.45074,48.85052212,3.07476436,7.121068847,12.07307649,67,6.25,0.134328358,2.484477612,44.31355886
InFFIVE_4_Co_i,6.20869,1.06498,749.552,703.815,0.408729,0.43529,52.41294669,3.298991566,7.640372828,12.95350566,67,6.25,0.134328358,2.484477612,42.97993011
InFFIVE_4_Cu_i,6.27461,1.05605,750.769,710.92,0.415112,0.43838,52.08529829,3.278368621,7.592610661,12.87252957,67,6.25,0.134328358,2.512835821,42.96555083
InFFIVE_4_Fe_i,6.55998,1.02363,726.675,709.901,0.432501,0.44272,52.63459171,3.312942414,7.672682604,13.00828373,67,6.25,0.134328358,2.484477612,43.61740646
InFFIVE_4_Ni_i,6.47586,1.05483,723.229,685.638,0.414362,0.43708,52.43010606,3.300071616,7.642874194,12.95774648,67,6.25,0.134328358,2.484477612,42.4623208
InFFIVE_4_Zn_i,6.46395,1.04732,728.393,695.482,0.419337,0.43918,51.95616969,3.270240969,7.573787245,12.84061631,67,6.25,0.134328358,2.509104478,42.64931919
InFFIVE_5_Cd_i,5.43409,0.889794,1508.31,1695.12,0.58844,0.52359,56.28229541,3.43518767,5.966849417,10.11621022,99,4.545454545,0.103448276,2.467356322,48.5235803
InFFIVE_5_Co_i,4.97085,0.909444,1389.73,1528.11,0.54309,0.49391,59.6812462,3.642642497,6.327194129,10.72713947,99,4.545454545,0.103448276,2.467356322,43.2530727
InFFIVE_5_Cu_i,5.10534,0.916018,1372.56,1498.4,0.532828,0.48808,59.37195267,3.623764779,6.294403926,10.67154689,99,4.545454545,0.103448276,2.489195402,43.08238672
InFFIVE_5_Fe_i,5.1211,0.89315,1398.42,1565.72,0.555091,0.49578,59.89009806,3.655389762,6.349335863,10.76467862,99,4.545454545,0.103448276,2.467356322,44.10584459
InFFIVE_5_Ni_i,5.01881,0.916703,1370.44,1494.97,0.53279,0.48841,59.69742599,3.64363003,6.328909453,10.73004764,99,4.545454545,0.103448276,2.467356322,42.9628777
InFFIVE_5_Zn_i,5.09861,0.903934,1397.14,1545.62,0.548414,0.49573,59.24987499,3.616313773,6.281461683,10.64960458,99,4.545454545,0.103448276,2.486321839,43.61893307
InFFIVE_6_Cd_i,4.64511,1.04348,1059.4,1015.25,0.403475,0.42102,54.16997402,3.182277385,6.317199452,10.71019447,91,5,0.113924051,2.476708861,37.72545004
InFFIVE_6_Co_i,4.11067,1.08555,855.004,787.621,0.347022,0.37671,57.64576722,3.386466851,6.72253985,11.39740952,91,5,0.113924051,2.476708861,32.38821789
InFFIVE_6_Cu_i,4.43891,1.08855,914.332,839.957,0.352277,0.38347,57.32845851,3.367826187,6.685535912,11.33467295,91,5,0.113924051,2.500759494,30.69780845
InFFIVE_6_Fe_i,4.28736,1.07939,889.008,823.619,0.353078,0.38111,57.86014763,3.399060875,6.747540486,11.43979565,91,5,0.113924051,2.476708861,32.06719566
InFFIVE_6_Ni_i,4.32143,1.09368,885.572,809.721,0.346328,0.37877,57.66237195,3.387442315,6.724476263,11.40069251,91,5,0.113924051,2.476708861,30.32426443
InFFIVE_6_Zn_i,4.40032,1.07868,924.571,857.136,0.35933,0.3876,57.20327379,3.360472066,6.670937108,11.30992211,91,5,0.113924051,2.497594937,32.12498056
InFFIVE_7_Cd,10.5557,0.675323,1846.12,2733.68,1.04156,0.70339,41.97986812,2.935899527,8.159354102,13.8333877,22,8.333333333,0.163636364,2.495636364,86.0881715
InFFIVE_7_Co,9.78741,0.705917,1805.55,2557.74,0.963711,0.6803,45.52531211,3.183853315,8.848459006,15.00169774,22,8.333333333,0.163636364,2.495636364,83.19714218
InFFIVE_7_Cu,9.92459,0.686835,1821.8,2652.46,1.00101,0.68753,45.19604646,3.160825828,8.784461782,14.8931967,22,8.333333333,0.163636364,2.530181818,85.47872491
InFFIVE_7_Fe,10.27778,0.672421,1766.93,2627.72,1.02181,0.68709,45.74842051,3.1994566,8.891823135,15.07521738,22,8.333333333,0.163636364,2.495636364,85.15383354
InFFIVE_7_Ni,10.09607,0.697737,1757.99,2519.56,0.975568,0.68069,45.54257412,3.185060549,8.85181411,15.00738599,22,8.333333333,0.163636364,2.495636364,81.88001198
InFFIVE_7_Zn,10.20238,0.685876,1776.75,2590.48,1.00146,0.68688,45.06645905,3.151763017,8.759274719,14.8504945,22,8.333333333,0.163636364,2.525636364,84.169931
NbOFFIVE_1_Cd,7.8685,0.905297,1643.77,1815.73,0.669658,0.60624,38.21015746,2.565370991,8.911991932,15.10941161,9.5,10,0.208333333,2.535416667,54.77956064
NbOFFIVE_1_Co,7.09408,0.963545,1536.28,1594.4,0.577451,0.5564,41.76257467,2.803874799,9.740544224,16.51414107,9.5,10,0.208333333,2.535416667,47.36875226
NbOFFIVE_1_Cu,7.22888,0.940889,1554.45,1652.11,0.607893,0.57196,41.43031336,2.781567288,9.663048859,16.38275525,9.5,10,0.208333333,2.575,47.78328562
NbOFFIVE_1_Fe,7.44269,0.916001,1561.18,1704.35,0.609486,0.55829,41.98798845,2.819008732,9.793118878,16.60327626,9.5,10,0.208333333,2.535416667,49.90059979
NbOFFIVE_1_Ni,7.32671,0.941622,1550.07,1646.17,0.587009,0.55274,41.7800071,2.805045185,9.744610097,16.52103436,9.5,10,0.208333333,2.535416667,47.7283431
NbOFFIVE_1_Zn,7.42876,0.926132,1564.59,1689.38,0.607602,0.56272,41.2996797,2.772796746,9.632580362,16.33109889,9.5,10,0.208333333,2.569791667,49.25102751
NbOFFIVE_13_Cd_i,3.88595,1.28033,617.052,481.948,0.307265,0.3934,36.54550503,2.044673997,21.30933681,12.04263287,22,8.333333333,0.3,2.603666667,29.01436116
NbOFFIVE_13_Fe_i,3.67548,1.27992,134.203,104.852,0.280017,0.3584,39.36871087,2.202628733,22.95552132,12.97294787,22,8.333333333,0.3,2.603666667,26.8872933
NbOFFIVE_13_Zn_i,3.67194,1.30215,127.015,97.5425,0.274623,0.3576,38.86263719,2.174314561,22.66043457,12.80618429,22,8.333333333,0.3,2.631166667,26.3274637
NbOFFIVE_15_Cd_i,11.19078,0.77295,1641.89,2124.19,0.766686,0.59261,54.78439847,2.758604961,6.388852463,10.83167515,99,5,0.131578947,2.503947368,63.19599042
NbOFFIVE_15_Co_i,10.9101,0.780148,1574.43,2018.12,0.729541,0.56915,58.34207663,2.937747727,6.803742131,11.53508005,99,5,0.131578947,2.503947368,60.25401451
NbOFFIVE_15_Cu_i,10.97613,0.790742,1571.17,1986.95,0.717845,0.56763,58.01707763,2.921382778,6.765841365,11.470823,99,5,0.131578947,2.528947368,59.37276857
NbOFFIVE_15_Fe_i,10.75956,0.771255,1600.31,2074.94,0.74205,0.57231,58.56167723,2.948805461,6.829351536,11.57849829,99,5,0.131578947,2.503947368,60.84705176
NbOFFIVE_15_Ni_i,10.83516,0.786055,1564.21,1989.95,0.721807,0.56738,58.35908499,2.938604163,6.805725614,11.53844285,99,5,0.131578947,2.503947368,59.20318443
NbOFFIVE_15_Zn_i,10.92521,0.776173,1576.44,2031.04,0.737928,0.57276,57.88887082,2.914927073,6.75089013,11.44547465,99,5,0.131578947,2.525657895,60.76880993
NbOFFIVE_16_Cu_i,8.46914,0.663645,1938.25,2920.61,0.950961,0.6311,63.71252794,3.290431369,5.715410738,9.689920504,66,3.846153846,0.104166667,2.504166667,78.68579836
NbOFFIVE_18_Cd,3.64311,1.3325,405.38,304.226,0.226124,0.30131,34.4744943,4.050487583,16.0814001,13.63222135,4,10,0.21875,2.5040625,19.16340821
NbOFFIVE_2_Cd,11.0182,0.656397,1866.1,2842.94,1.07875,0.70809,42.59691898,2.383242824,8.279286268,14.03672097,13.5,8.333333333,0.192307692,2.536538462,83.68331571
NbOFFIVE_2_Cd_i,3.71706,1.30531,227.7,174.442,0.272051,0.35511,42.59691898,2.383242824,8.279286268,14.03672097,26,8.333333333,0.192307692,2.536538462,21.72434613
NbOFFIVE_2_Co,10.39571,0.678673,1867.98,2752.4,1.00078,0.6792,46.25189331,2.587733936,8.989679871,15.24112392,13.5,8.333333333,0.192307692,2.536538462,80.83775967
NbOFFIVE_2_Cu,10.41813,0.671359,1865.69,2778.98,1.02039,0.68505,45.9120729,2.568721421,8.923631186,15.12914483,13.5,8.333333333,0.192307692,2.573076923,81.04056067
NbOFFIVE_2_Fe,10.72995,0.652997,1845.46,2826.14,1.04708,0.68374,46.48219814,2.600619195,9.034442724,15.31701496,13.5,8.333333333,0.192307692,2.536538462,84.95039354
NbOFFIVE_2_Ni,10.53288,0.677199,1838.53,2714.9,1.00207,0.6786,46.26971082,2.588730803,8.993142945,15.24699522,13.5,8.333333333,0.192307692,2.536538462,80.79226412
NbOFFIVE_2_Zn,10.66158,0.665162,1845.29,2774.2,1.02813,0.68387,45.77835301,2.561239965,8.897640921,15.08508087,13.5,8.333333333,0.192307692,2.568269231,83.61563724
NbOFFIVE_3_Cd,3.69884,1.68358,397.69,236.217,0.183627,0.30915,20.16600732,1.692393255,11.7586073,19.93556985,3,25,0.357142857,2.625,13.76749044
NbOFFIVE_4_Cd_i,6.84041,1.07075,705.747,659.111,0.441025,0.47223,49.22055586,3.098055135,7.175009637,12.16452783,67,6.25,0.147058824,2.498529412,42.91078152
NbOFFIVE_4_Co_i,6.39986,1.06718,720.056,674.729,0.408245,0.43567,52.83915315,3.325817982,7.702502062,13.0588397,67,6.25,0.147058824,2.498529412,39.23688914
NbOFFIVE_4_Cu_i,6.45182,1.05996,715.282,674.822,0.412658,0.4374,52.50617134,3.30485934,7.65396243,12.9765455,67,6.25,0.147058824,2.526470588,40.65077112
NbOFFIVE_4_Fe_i,6.9281,0.891821,1265.37,1418.86,0.547296,0.48809,53.06442528,3.339997128,7.735340571,13.11451419,67,6.25,0.147058824,2.498529412,52.89446721
NbOFFIVE_4_Ni_i,6.31608,1.06974,729.512,681.953,0.405463,0.43374,52.85659277,3.326915672,7.705044282,13.06314979,67,6.25,0.147058824,2.498529412,39.39141442
NbOFFIVE_4_Zn_i,5.47885,1.21879,486.857,399.459,0.237038,0.2889,52.37495009,3.296599972,7.634833964,12.94411505,67,6.25,0.147058824,2.522794118,19.15293698
NbOFFIVE_5_Cd_i,5.31599,0.908157,1416.85,1560.14,0.550081,0.49956,56.63908397,3.456964246,6.004674875,10.18033959,99,4.545454545,0.113636364,2.478409091,43.92921489
NbOFFIVE_5_Co_i,4.85623,0.935161,1304.37,1394.81,0.499176,0.46681,60.08258337,3.667138095,6.369742473,10.79927603,99,4.545454545,0.113636364,2.478409091,41.15264609
NbOFFIVE_5_Cu_i,4.93061,0.92412,1339.85,1449.87,0.515886,0.47674,59.76912698,3.648006297,6.336510938,10.74293521,99,4.545454545,0.113636364,2.5,41.05106476
NbOFFIVE_5_Fe_i,5.08623,0.916505,1311.7,1431.2,0.509697,0.46714,60.29425858,3.680057683,6.392183528,10.83732265,99,4.545454545,0.113636364,2.478409091,41.48203814
NbOFFIVE_5_Ni_i,4.9783,0.944974,1277.47,1351.86,0.481526,0.45503,60.09898153,3.668138956,6.371480947,10.80222345,99,4.545454545,0.113636364,2.478409091,40.75695886
NbOFFIVE_5_Zn_i,5.05871,0.929434,1313.81,1413.55,0.502456,0.467,59.64541224,3.640455373,6.32339514,10.72069866,99,4.545454545,0.113636364,2.497159091,41.00307369
NbOFFIVE_6_Cd_i,4.64585,1.07249,1016.75,948.034,0.369347,0.39612,54.53367038,3.203643145,6.359613029,10.78210255,91,5,0.125,2.48875,31.48761285
NbOFFIVE_6_Co_i,4.19408,1.13985,732.923,643.001,0.290469,0.33109,58.05781129,3.410672854,6.770591647,11.47887664,91,5,0.125,2.48875,28.45517245
NbOFFIVE_6_Cu_i,4.16839,1.10858,763.807,688.997,0.309432,0.34303,57.73596288,3.391765499,6.733058297,11.41524252,91,5,0.125,2.5125,28.93151871
NbOFFIVE_6_Fe_i,4.13103,1.15127,694.21,602.998,0.282611,0.32536,58.27527316,3.423447901,6.795951637,11.52187203,91,5,0.125,2.48875,28.34288483
NbOFFIVE_6_Ni_i,4.27229,1.12819,761.555,675.022,0.299709,0.33813,58.07465429,3.411662315,6.772555846,11.48220675,91,5,0.125,2.48875,28.70250147
NbOFFIVE_6_Zn_i,4.35941,1.10761,811.223,732.407,0.318108,0.35234,57.60899412,3.384306573,6.718251442,11.39013894,91,5,0.125,2.509375,28.83873701
NbOFFIVE_7_Cd,10.56212,0.685368,1810.85,2642.16,1.00887,0.69145,42.34462517,2.961409137,8.23024956,13.95358402,22,8.333333333,0.178571429,2.5125,82.18771858
NbOFFIVE_7_Co,9.79223,0.714817,1782.08,2493.06,0.936253,0.66925,45.95459763,3.213875781,8.931896442,15.14315776,22,8.333333333,0.178571429,2.5125,79.17294376
NbOFFIVE_7_Cu,9.94546,0.698333,1794.1,2569.12,0.967304,0.6755,45.61911589,3.190413567,8.866691038,15.03260837,22,8.333333333,0.178571429,2.546428571,80.42600861
NbOFFIVE_7_Fe,10.14899,0.699467,1740.95,2488.96,0.957172,0.66951,46.18194402,3.229775454,8.976084282,15.21807393,22,8.333333333,0.178571429,2.5125,80.4678091
NbOFFIVE_7_Ni,10.08316,0.704282,1750.95,2486.15,0.950841,0.66966,45.97218678,3.215105894,8.935315131,15.14895381,22,8.333333333,0.178571429,2.5125,79.35999643
NbOFFIVE_7_Zn,10.19403,0.693643,1764.96,2544.48,0.972734,0.67473,45.4870946,3.18118054,8.841030917,14.98910414,22,8.333333333,0.178571429,2.541964286,81.37276122
SIFSIX_1_Cd,7.72054,0.862835,1643.7,1905,0.684777,0.59085,42.37738132,2.845151969,9.883939392,20.10870428,9,5,0.208333333,2.546666667,57.98014941
SIFSIX_1_Co,7.05787,0.89982,1548.7,1721.12,0.604999,0.54439,46.7916678,3.141520349,10.9135108,22.20334955,9,5,0.208333333,2.546666667,53.46520694
SIFSIX_1_Cu,7.19127,0.885009,1570.6,1774.67,0.622389,0.55082,46.37496501,3.113543567,10.81632062,22.00561781,9,5,0.208333333,2.58625,53.42682362
SIFSIX_1_Fe,7.15741,0.872797,1564.13,1792.09,0.633607,0.55301,47.07482353,3.160530988,10.97955296,22.3377112,9,5,0.208333333,2.546666667,54.95826739
SIFSIX_1_Ni,7.26289,0.884396,1544.38,1746.26,0.614035,0.54305,46.81355258,3.14298966,10.91861512,22.21373421,9,5,0.208333333,2.546666667,53.43939873
SIFSIX_1_Zn,7.37673,0.873834,1558.96,1784.05,0.628094,0.54885,46.21135027,3.102558726,10.77815974,21.92798016,9,5,0.208333333,2.581041667,54.44472067
SIFSIX_13_Cd_i,4.28288,1.27803,299.639,234.454,0.293171,0.37468,39.65340549,2.21855703,23.12152405,15.68011401,21,4.166666667,0.3,2.612666667,29.00047238
SIFSIX_13_Co_i,3.64888,1.27969,106.962,83.5845,0.258071,0.33025,42.8020348,2.39471879,24.95745989,16.92517395,21,4.166666667,0.3,2.612666667,23.73095386
SIFSIX_13_Cu_i,3.68325,1.25678,116.311,92.5464,0.27416,0.34456,42.51085762,2.378427801,24.78767724,16.81003399,21,4.166666667,0.3,2.644333333,24.20062644
SIFSIX_13_Fe_i,3.77929,1.23821,129.267,104.398,0.280348,0.34713,42.99919152,2.405749455,25.0724201,17.00313547,21,4.166666667,0.3,2.612666667,24.83319772
SIFSIX_13_Ni_i,3.6812,1.26375,114.426,90.5447,0.264927,0.3348,42.81729304,2.395572469,24.96635682,16.9312075,21,4.166666667,0.3,2.612666667,23.96797309
SIFSIX_13_Zn_i,3.82672,1.23819,138.799,112.099,0.284827,0.35267,42.39619137,2.372012372,24.72081644,16.76469161,21,4.166666667,0.3,2.640166667,26.501084
SIFSIX_15_Cd_i,11.10392,0.756092,1630.8,2156.88,0.774032,0.58524,58.93935175,2.967822824,6.87339522,13.98380407,97,2.5,0.131578947,2.511052632,63.98951952
SIFSIX_15_Co_i,10.63401,0.754132,1580.86,2096.26,0.753051,0.5679,63.07751692,3.17619534,7.35598018,14.96561485,97,2.5,0.131578947,2.511052632,62.36635677
SIFSIX_15_Cu_i,10.69558,0.750716,1593.44,2122.56,0.759408,0.5701,62.69779023,3.157074643,7.311697176,14.87552184,97,2.5,0.131578947,2.536052632,63.50215061
SIFSIX_15_Fe_i,10.90173,0.745316,1585.95,2127.89,0.763475,0.56903,63.33429127,3.189124915,7.385924717,15.02653649,97,2.5,0.131578947,2.511052632,63.52589664
SIFSIX_15_Ni_i,10.76977,0.759982,1577.05,2075.11,0.74311,0.56475,63.09739883,3.177196471,7.358298771,14.97033198,97,2.5,0.131578947,2.511052632,62.27257966
SIFSIX_15_Zn_i,10.84763,0.752029,1591.98,2116.91,0.757989,0.57003,62.54808863,3.149536592,7.294239259,14.84000401,97,2.5,0.131578947,2.532763158,62.86578849
SIFSIX_16_Cd_i,8.63586,0.630336,1979.97,3141.14,1.02472,0.64592,64.56598979,3.334508378,5.791971584,11.78366633,65,1.923076923,0.104166667,2.49,85.01099483
SIFSIX_16_Co_i,8.16416,0.642256,1949.28,3035.05,0.97757,0.62785,68.34423578,3.529635766,6.130903791,12.47321806,65,1.923076923,0.104166667,2.49,83.33977066
SIFSIX_16_Cu_i,8.2484,0.640351,1947.19,3040.81,0.983023,0.62948,68.00097989,3.511908326,6.100111598,12.41057187,65,1.923076923,0.104166667,2.509791667,83.7366137
SIFSIX_16_Fe_i,8.426,0.633579,1923.77,3036.35,0.992015,0.62852,68.57595847,3.541603076,6.15169076,12.51550879,65,1.923076923,0.104166667,2.49,84.06313727
SIFSIX_16_Ni_i,8.32218,0.648868,1908.29,2940.96,0.961629,0.62397,68.36218918,3.530562968,6.132514322,12.47649466,65,1.923076923,0.104166667,2.49,82.52258504
SIFSIX_16_Zn_i,8.37944,0.642458,1925.98,2997.84,0.976391,0.62729,67.86546692,3.504909764,6.087955241,12.38583997,65,1.923076923,0.104166667,2.5071875,82.61451513
SIFSIX_18_Cd,3.91777,1.25978,593.974,471.491,0.247567,0.31188,37.83093406,4.444843405,17.64708661,17.95134673,3,5,0.21875,2.5125,22.40212383
SIFSIX_2_Cd,10.96712,0.628279,1860.3,2960.94,1.10955,0.69711,46.87958914,2.62285271,9.111681029,18.53755796,13,4.166666667,0.192307692,2.546923077,91.12073769
SIFSIX_2_Cd_i,3.90971,1.24133,335.762,270.486,0.286306,0.3554,46.87958914,2.62285271,9.111681029,18.53755796,25,4.166666667,0.192307692,2.546923077,24.07282883
SIFSIX_2_Co,10.23639,0.643603,1881.88,2923.97,1.05035,0.67601,51.34496799,2.872684913,9.979587693,20.3032991,13,4.166666667,0.192307692,2.546923077,89.42396451
SIFSIX_2_Cu,10.36801,0.631965,1886.37,2984.93,1.07963,0.68229,50.92652626,2.849273637,9.898257894,20.13783503,13,4.166666667,0.192307692,2.583461538,89.87055583
SIFSIX_2_Fe,10.7097,0.619094,1792.38,2895.16,1.09384,0.67719,51.62894161,2.888572872,10.0347818,20.41559056,13,4.166666667,0.192307692,2.546923077,92.72535136
SIFSIX_2_Fe_i,3.78347,1.214,214.729,176.877,0.266919,0.32404,51.62894161,2.888572872,10.0347818,20.41559056,25,4.166666667,0.192307692,2.546923077,19.53297843
SIFSIX_2_Ni,10.51371,0.641207,1795.13,2799.61,1.04827,0.67216,51.36692647,2.873913462,9.98385562,20.31198212,13,4.166666667,0.192307692,2.546923077,88.68372882
SIFSIX_2_Ni_i,3.6885,1.25179,120.464,96.2334,0.247566,0.3099,51.36692647,2.873913462,9.98385562,20.31198212,25,4.166666667,0.192307692,2.546923077,18.58756103
SIFSIX_2_Zn,10.62198,0.631248,1829.18,2897.72,1.07373,0.67779,50.76205419,2.840071636,9.866290526,20.07279797,13,4.166666667,0.192307692,2.578653846,91.21477174
SIFSIX_2_Zn_i,3.73539,1.2351,174.593,141.36,0.259307,0.32027,50.76205419,2.840071636,9.866290526,20.07279797,25,4.166666667,0.192307692,2.578653846,19.19961528
SIFSIX_4_Cd_i,6.82014,1.0058,698.418,694.388,0.4704,0.47313,53.45237847,3.364415796,7.791893527,15.85247304,65,3.125,0.147058824,2.506470588,47.09706146
SIFSIX_4_Co_i,6.35074,0.998361,705.367,706.526,0.433561,0.43285,57.74710102,3.634735523,8.417946507,17.12616703,65,3.125,0.147058824,2.506470588,44.52315289
SIFSIX_4_Cu_i,6.41779,0.989234,712.901,720.66,0.440968,0.43622,57.34962123,3.60971723,8.360004834,17.0082857,65,3.125,0.147058824,2.534411765,45.09398426
SIFSIX_4_Fe_i,6.62839,0.978665,677.961,692.741,0.46357,0.45368,58.01627194,3.651677761,8.457184259,17.20599556,65,3.125,0.147058824,2.506470588,46.92149146
SIFSIX_4_Ni_i,6.32467,0.963833,1022.94,1061.32,0.462756,0.44602,57.76793149,3.636046641,8.420983019,17.13234476,65,3.125,0.147058824,2.506470588,47.54517663
SIFSIX_4_Zn_i,6.55825,0.984071,694.811,706.058,0.460211,0.45288,57.19311038,3.599866076,8.337189837,16.96186898,65,3.125,0.147058824,2.530735294,47.74901337
SIFSIX_5_Cd_i,5.22502,0.890932,1352.56,1518.14,0.540019,0.48112,60.65806524,3.702262609,6.430753021,13.08325615,97,2.272727273,0.113636364,2.484545455,44.99159722
SIFSIX_5_Co_i,4.78619,0.917145,1251.46,1364.52,0.486357,0.44606,64.62470071,3.944366047,6.85128165,13.93881439,97,2.272727273,0.113636364,2.484545455,44.09112595
SIFSIX_5_Cu_i,4.84003,0.915206,1252.92,1369,0.489912,0.44837,64.26220259,3.922240989,6.812850884,13.86062766,97,2.272727273,0.113636364,2.506136364,43.90070794
SIFSIX_5_Fe_i,4.91927,0.902415,1253.17,1388.68,0.497155,0.44864,64.8696553,3.959316841,6.877250867,13.99164832,97,2.272727273,0.113636364,2.484545455,44.11601193
SIFSIX_5_Ni_i,4.89275,0.920099,1236.99,1344.4,0.480709,0.4423,64.64367231,3.945523978,6.853292952,13.94290635,97,2.272727273,0.113636364,2.484545455,43.89590203
SIFSIX_5_Zn_i,4.97161,0.9025,1269.17,1406.28,0.501928,0.45299,64.11921075,3.913513487,6.797691396,13.82978594,97,2.272727273,0.113636364,2.503295455,43.80278112
SIFSIX_6_Cd_i,4.61677,1.05646,992.193,939.164,0.367187,0.38792,58.64925077,3.445417646,6.839564196,13.91497543,89,2.5,0.125,2.4955,30.74242939
SIFSIX_6_Co_i,4.12617,1.08563,739.213,680.908,0.307453,0.33378,62.74536436,3.686048547,7.31724518,14.88680916,89,2.5,0.125,2.4955,30.5773924
SIFSIX_6_Cu_i,4.16479,1.09363,754.821,690.2,0.304738,0.33327,62.36961435,3.66397468,7.273425928,14.79765965,89,2.5,0.125,2.51925,30.38374203
SIFSIX_6_Fe_i,4.22073,1.05908,819.903,774.167,0.324282,0.34344,62.99943615,3.700974286,7.346874549,14.9470896,89,2.5,0.125,2.4955,31.28500112
SIFSIX_6_Ni_i,4.20645,1.10215,764.328,693.489,0.301384,0.33217,62.7650374,3.687204262,7.319539413,14.89147674,89,2.5,0.125,2.4955,29.03285169
SIFSIX_6_Zn_i,4.30302,1.07707,811.801,753.715,0.318077,0.34259,62.22147395,3.655272002,7.256150075,14.76251222,89,2.5,0.125,2.516125,29.91580055
SIFSIX_7_Cd,10.65526,0.642725,1758.37,2735.8,1.07749,0.69253,46.574196,3.257207946,9.05232375,18.41679659,21,4.166666667,0.178571429,2.522142857,89.02503043
SIFSIX_7_Co,9.78181,0.671087,1756.76,2617.78,0.990706,0.66485,50.97885254,3.565251531,9.908428212,20.15852636,21,4.166666667,0.178571429,2.522142857,86.54331912
SIFSIX_7_Cu,9.87617,0.666447,1758.83,2639.11,1.00131,0.66732,50.56633297,3.536401606,9.828249464,19.99540408,21,4.166666667,0.178571429,2.556071429,86.55846323
SIFSIX_7_Fe,10.28779,0.639984,1737.73,2715.28,1.04351,0.66783,51.25877981,3.584828494,9.962835855,20.26921777,21,4.166666667,0.178571429,2.522142857,90.1868781
SIFSIX_7_Ni,10.06887,0.663033,1728.33,2606.7,0.999498,0.6627,51.00049892,3.56676539,9.912635479,20.16708597,21,4.166666667,0.178571429,2.522142857,86.38721888
SIFSIX_7_Zn,10.1612,0.65437,1742.41,2662.73,1.0222,0.6689,50.40417552,3.52506098,9.796731975,19.93128229,21,4.166666667,0.178571429,2.551607143,88.12087553
SnFSIX_1_Cd,7.7832,0.93329,1663.2,1782.08,0.650345,0.60696,36.53625031,2.452987449,8.52157619,17.33699984,9,10,0.208333333,2.546666667,56.19393398
SnFSIX_1_Co,7.10807,0.993868,1547.05,1556.6,0.570609,0.56711,39.77106226,2.67016773,9.276051436,18.87196672,9,10,0.208333333,2.546666667,46.73954487
SnFSIX_1_Cu,7.24161,0.975718,1562.44,1601.32,0.590888,0.57654,39.4696198,2.649929348,9.205744142,18.72892774,9,10,0.208333333,2.58625,47.06513176
SnFSIX_1_Fe,7.51566,0.926556,1583.69,1709.22,0.631651,0.58526,39.97543762,2.683889176,9.32371917,18.9689459,9,10,0.208333333,2.546666667,51.77187059
SnFSIX_1_Ni,7.31583,0.972496,1552.17,1596.06,0.584804,0.56872,39.78687143,2.671229133,9.279738707,18.8794684,9,10,0.208333333,2.546666667,46.96140707
SnFSIX_1_Zn,7.43029,0.9532,1578.19,1655.67,0.610344,0.58178,39.35104037,2.641968109,9.178087129,18.67266002,9,10,0.208333333,2.581041667,50.21059047
SnFSIX_13_Cd_i,3.86714,1.34795,167.479,124.247,0.289745,0.39056,35.25802853,1.972641343,20.5586215,13.94205366,21,8.333333333,0.3,2.612666667,28.0562803
SnFSIX_13_Fe_i,3.67411,1.30845,235.218,179.769,0.277366,0.36292,37.87868634,2.119263777,22.08670217,14.97833825,21,8.333333333,0.3,2.612666667,26.70018796
SnFSIX_13_Zn_i,3.65959,1.32744,218.884,164.892,0.27187,0.36089,37.40996737,2.093039553,21.8133966,14.79299309,21,8.333333333,0.3,2.640166667,26.42331268
SnFSIX_15_Cd_i,11.205,0.786456,1655.62,2105.16,0.757042,0.59538,53.04228014,2.67088261,6.185689934,12.58467952,97,5,0.131578947,2.511052632,65.66039397
SnFSIX_15_Co_i,10.80066,0.817129,1565.06,1915.32,0.691947,0.56541,56.37041808,2.838467143,6.573811057,13.37430525,97,5,0.131578947,2.511052632,58.26442865
SnFSIX_15_Cu_i,10.80612,0.789997,1613.95,2042.98,0.729054,0.57595,56.06695733,2.823186728,6.53842204,13.30230691,97,5,0.131578947,2.536052632,61.35697653
SnFSIX_15_Fe_i,10.98642,0.787751,1587.82,2015.63,0.728111,0.57357,56.5754007,2.848788806,6.597715741,13.42293892,97,5,0.131578947,2.511052632,61.51702813
SnFSIX_15_Ni_i,10.84632,0.786675,1603.2,2037.94,0.731611,0.57554,56.38629613,2.839266664,6.575662724,13.37807244,97,5,0.131578947,2.511052632,61.50782854
SnFSIX_15_Zn_i,10.93486,0.791798,1592.85,2011.69,0.726346,0.57512,55.94721557,2.81715727,6.524457984,13.27389728,97,5,0.131578947,2.532763158,61.50291275
SnFSIX_16_Cu_i,8.3242,0.657924,1999.47,3039.06,0.980356,0.645,61.89396492,3.196511743,5.552274304,11.29600634,65,3.846153846,0.104166667,2.509791667,83.28282292
SnFSIX_16_Fe_i,8.51206,0.654673,1975.98,3018.27,0.979085,0.64098,62.36994445,3.22109369,5.594972633,11.38287536,65,3.846153846,0.104166667,2.49,81.84433956
SnFSIX_16_Ni_i,8.3713,0.668837,1973.98,2951.37,0.951922,0.63668,62.19306605,3.211958811,5.579105539,11.35059403,65,3.846153846,0.104166667,2.49,80.58865447
SnFSIX_16_Zn_i,8.47696,0.659021,1983,3009.01,0.974931,0.6425,61.78167912,3.190712747,5.542201568,11.27551354,65,3.846153846,0.104166667,2.5071875,81.51770526
SnFSIX_2_Cd,11.00296,0.672412,1903.8,2831.31,1.05614,0.71016,40.85791067,2.285947546,7.941286526,16.15641052,13,8.333333333,0.192307692,2.546923077,84.17862274
SnFSIX_2_Cd_i,3.68176,1.34296,194.598,144.903,0.265199,0.35615,40.85791067,2.285947546,7.941286526,16.15641052,25,8.333333333,0.192307692,2.546923077,23.16904946
SnFSIX_2_Co,10.58367,0.685064,1870.11,2729.83,1.0021,0.6865,44.20881189,2.473426158,8.592579415,17.48145467,13,8.333333333,0.192307692,2.546923077,80.99796334
SnFSIX_2_Cu,10.40286,0.691396,1887.84,2730.48,0.997186,0.68945,43.89824933,2.456050583,8.53221739,17.35864917,13,8.333333333,0.192307692,2.583461538,79.79261146
SnFSIX_2_Fe,10.70898,0.673196,1870.06,2777.89,1.02209,0.68807,44.41917336,2.485195612,8.633466007,17.56463774,13,8.333333333,0.192307692,2.546923077,83.54787669
SnFSIX_2_Ni,10.52068,0.69836,1868.88,2676.1,0.974913,0.68084,44.22508979,2.474336886,8.595743245,17.48789143,13,8.333333333,0.192307692,2.546923077,79.89907357
SnFSIX_2_Zn,10.64342,0.685629,1869.33,2726.45,1.00371,0.68817,43.77598717,2.449210172,8.508454088,17.31030314,13,8.333333333,0.192307692,2.578653846,82.19019825
SnFSIX_3_Cd,3.69695,1.7599,386.118,219.398,0.17384,0.30594,19.01648169,1.595921534,11.08832982,22.55901585,1,25,0.357142857,2.644285714,14.2048706
SnFSIX_4_Cd_i,6.83678,1.10289,711.47,645.094,0.42782,0.47184,47.46961763,2.987847051,6.919770774,14.07815433,65,6.25,0.147058824,2.506470588,46.16293811
SnFSIX_4_Co_i,6.38034,1.10685,721.95,652.255,0.392229,0.43414,50.82656377,3.199140971,7.409121625,15.0737302,65,6.25,0.147058824,2.506470588,39.49802323
SnFSIX_4_Cu_i,6.46237,1.09714,719.274,655.589,0.398663,0.43739,50.51839078,3.179743854,7.36419844,14.98233476,65,6.25,0.147058824,2.534411765,40.69949089
SnFSIX_4_Fe_i,6.45378,1.09549,710.557,648.617,0.396862,0.43476,51.0349681,3.21225842,7.439501271,15.13553707,65,6.25,0.147058824,2.506470588,41.16597826
SnFSIX_4_Ni_i,6.4913,1.09873,702.457,639.337,0.394575,0.43353,50.84269997,3.200156621,7.411473842,15.07851575,65,6.25,0.147058824,2.506470588,39.91159385
